Company ID,Companies,First Financing Date,Last Known Valuation Date,Last Known Valuation,First Financing Valuation,First Financing Size,Emerging Spaces,Primary Industry Code
161968-06,2Mee,31-Jan-2015,30-Sep-2022,2.73,2.35,0.22,,Communication Software
168152-14,2ULaundry,09-Sep-2016,31-Jan-2023,75.00,1.90,0.40,,Other Services (B2C Non-Financial)
180744-13,3T Biosciences,05-Oct-2017,25-Aug-2022,100.00,32.00,12.00,AI-powered Drug Discovery,Drug Discovery
182131-57,4D Path,08-Jun-2017,03-May-2023,112.97,2.75,0.25,,Other Healthcare Technology Systems
163535-95,98point6,04-May-2015,06-Mar-2023,100.00,5.00,0.75,,Clinics/Outpatient Services
179022-16,9fin,12-Oct-2017,17-Nov-2022,95.00,2.67,0.70,,Media and Information Services (B2B)
227813-59,A2 Biotherapeutics,01-Apr-2018,16-Dec-2022,462.50,49.50,7.50,,Drug Discovery
167366-44,AADYAH Aerospace,19-Oct-2016,29-Jan-2022,8.61,3.59,0.39,,Aerospace and Defense
82927-63,AB Tasty,26-Sep-2014,24-Nov-2022,155.73,6.47,1.42,,Business/Productivity Software
226198-54,Abacus Insights,01-Jan-2018,16-Jun-2022,140.32,20.00,5.90,,Enterprise Systems (Healthcare)
65167-66,Abpro,20-Sep-2007,06-Apr-2022,642.00,10.01,1.80,,Drug Discovery
224031-88,Abre,02-Oct-2017,13-Jan-2023,13.75,3.40,1.60,,Business/Productivity Software
160000-12,Acalvio,01-Sep-2015,18-Jul-2022,164.76,16.96,6.96,,Network Management Software
158217-22,Accelus,28-Apr-2016,12-Jul-2022,342.00,38.57,4.07,,Therapeutic Devices
226335-34,Access Fintech,12-Feb-2017,22-Sep-2022,810.16,6.62,2.00,,Financial Software
162217-99,Aclaimant,15-Feb-2017,03-Jan-2023,58.10,8.46,2.96,,Media and Information Services (B2B)
61927-03,Acorns,01-Oct-2013,09-Mar-2022,"1,800.00",6.15,1.15,,Other Financial Services
230540-23,Activ Surgical,05-Jul-2017,04-Apr-2022,185.00,3.50,1.50,,Other Healthcare Technology Systems
82480-24,Activ Technologies,13-Feb-2015,07-Dec-2022,13.50,5.42,2.42,,Business/Productivity Software
168300-37,AcuamarkDx,16-Nov-2016,06-Apr-2022,66.62,16.60,1.60,,Other Healthcare Technology Systems
109790-83,Adient Medical,05-Sep-2013,14-Jun-2022,43.00,2.36,0.36,,Surgical Devices
436541-68,Advanced Material Development,12-May-2018,10-Oct-2022,33.52,3.11,1.04,,Automation/Workflow Software
303048-82,Advanced Ophthalmic Systems,22-Jun-2017,24-Apr-2023,33.16,1.13,0.24,,Other Healthcare Technology Systems
56318-77,Aerin Medical,12-Dec-2011,16-Jun-2022,260.00,1.13,0.13,,Therapeutic Devices
264536-74,Aero (Air),11-May-2018,18-Aug-2022,300.00,18.50,3.50,,Air
435375-64,Affective Software,11-May-2018,05-Oct-2022,45.00,6.30,1.30,,Social/Platform Software
230562-46,Afresh,05-Jan-2018,09-Mar-2022,391.71,6.65,1.65,,Business/Productivity Software
81858-88,AgriWebb,01-Aug-2014,12-Oct-2022,41.16,3.09,0.47,Livestock Health,Business/Productivity Software
227368-63,AgVend,04-Apr-2018,13-Oct-2022,80.00,6.25,1.75,,Business/Productivity Software
110269-72,AI Dynamics,24-Mar-2016,29-Sep-2022,43.39,13.70,4.70,,Software Development Applications
222283-00,Air (Business/Productivity Software),01-Oct-2017,26-Jan-2022,110.00,11.68,1.68,Generative AI,Business/Productivity Software
226031-32,Airspace Technologies,25-Aug-2017,24-May-2022,420.00,10.00,2.50,,Logistics
187923-25,Aisera,01-Jul-2017,25-Mar-2022,638.29,30.55,10.55,,Business/Productivity Software
182199-43,Aiven,30-Aug-2017,11-May-2022,"3,200.00",3.32,0.71,,Database Software
179715-34,Akston Biosciences,14-Feb-2013,14-Apr-2022,189.16,5.50,0.70,,Drug Discovery
490715-47,Aladdin,01-Jan-2018,02-Jan-2023,9.00,0.02,0.01,,Financial Software
64032-31,Aledade,18-Jun-2014,06-Jun-2022,"3,100.00",14.69,4.50,,Enterprise Systems (Healthcare)
343243-18,Alef (Automotive),05-Apr-2017,02-Feb-2022,21.42,1.20,0.30,,Automotive
42464-62,Alianza,13-Jul-2005,21-Feb-2023,221.50,5.00,2.00,,Telecommunications Service Providers
52649-65,AliveCor,11-Aug-2011,16-Aug-2022,980.00,9.50,3.50,,Monitoring Equipment
233788-69,Alma (Clinics/Outpatient Services),22-Dec-2017,25-Aug-2022,800.00,8.00,3.00,,Clinics/Outpatient Services
126055-90,AlphaFlow,22-Mar-2016,22-Mar-2022,100.00,1.71,0.12,Real Estate Crowdfunding,Specialized Finance
125615-80,Alto (Financial Software),01-Jan-2016,04-Jan-2022,289.94,4.00,0.95,,Financial Software
154454-59,Altwork,14-Oct-2014,01-Oct-2022,25.00,3.54,0.54,,Business Equipment and Supplies
155945-98,Amalgam,24-Mar-2016,03-Jan-2023,167.36,1.22,0.22,,Enterprise Systems (Healthcare)
54694-36,Amaze Software,03-Mar-2013,12-Aug-2022,58.50,15.10,5.10,,Software Development Applications
221567-23,Amberdata,19-Oct-2017,04-May-2022,310.00,13.93,2.09,Decentralized Finance,Financial Software
343523-80,Ampcera,30-Apr-2018,12-Dec-2022,90.00,10.00,1.00,,Other Materials
51748-21,AnaBios,08-Sep-2011,25-May-2022,36.50,2.72,1.32,,Drug Discovery
500881-69,Anaxiom,15-Mar-2016,15-Feb-2023,1.70,2.90,0.90,,Other Commercial Products
223461-82,Anduril,25-Aug-2017,02-Dec-2022,"8,480.00",97.50,17.50,,Aerospace and Defense
99463-96,AngelEye Health,01-Apr-2013,04-Nov-2022,30.39,0.82,0.20,,Other Healthcare Technology Systems
96959-62,Anutra Medical,19-Dec-2013,01-Sep-2022,20.00,8.23,1.23,,Medical Supplies
268198-30,Anuva (Healthcare Services),07-Feb-2017,31-Aug-2022,150.00,36.90,,,Other Healthcare Services
181676-44,Anvyl,03-Jun-2017,15-Feb-2022,66.00,12.50,2.50,,Business/Productivity Software
229084-21,Anyplace,07-Jul-2015,07-Jul-2022,41.19,1.50,0.30,,Application Software
61093-90,Anyroad,04-Apr-2017,24-Feb-2022,397.00,10.00,6.00,,Business/Productivity Software
222742-09,Anzu,01-Dec-2016,12-May-2022,180.00,7.38,1.50,,Media and Information Services (B2B)
60292-00,APDS,30-May-2014,26-May-2022,72.00,8.00,2.60,,Other Commercial Services
82574-83,APImetrics,26-Feb-2016,15-Jan-2022,15.50,3.00,1.00,,Business/Productivity Software
114850-54,Apix Analytics,13-Apr-2015,23-Nov-2022,21.71,10.53,3.99,,Oil and Gas Equipment
155953-72,Apollo (United States),23-Mar-2016,01-Mar-2022,910.00,1.71,0.12,,Business/Productivity Software
103858-93,Appcues,01-Feb-2016,11-Jan-2022,155.00,14.70,3.70,,Business/Productivity Software
181523-62,Apprentice,07-Dec-2017,09-Mar-2023,589.96,7.50,2.50,,Other Healthcare Technology Systems
58389-40,Appvance,18-Apr-2013,18-Jan-2022,50.00,6.05,1.05,AI-powered Code Completion,Business/Productivity Software
65941-93,Apto,19-Aug-2014,11-May-2022,171.57,1.71,0.12,,Financial Software
186809-32,Aquafortus,11-Aug-2016,23-Feb-2023,47.00,0.21,0.21,Desalination Tech,Other Commercial Products
264943-81,AquiPor,01-Jan-2016,30-Aug-2022,51.95,2.50,0.90,,Raw Materials (Non-Wood)
103918-78,Arcade,30-Jun-2014,01-Feb-2023,35.30,0.47,0.04,,Business/Productivity Software
222156-55,Archer Roose,12-Apr-2018,01-Jul-2022,40.00,10.00,2.00,Sustainable Packaging,Beverages
115381-18,Arqlite,01-Apr-2015,01-Jul-2022,18.00,0.30,0.02,,Other Commercial Products
179468-38,Arrcus,15-Sep-2016,09-Feb-2023,340.00,12.40,3.40,,Business/Productivity Software
104216-14,ARTA,16-Jun-2016,13-Oct-2022,35.90,3.20,1.00,,Business/Productivity Software
59219-56,Artax Biopharma,10-Nov-2014,11-May-2022,58.00,6.01,2.01,,Drug Discovery
53962-84,Artfinder,01-Mar-2011,08-Jun-2022,22.37,4.03,1.90,,Internet Retail
167152-15,Artizan Biosciences,06-Feb-2017,15-Jun-2022,26.88,6.30,3.00,,Drug Discovery
224405-38,Asaak,01-Jan-2017,28-Jan-2023,50.00,2.50,0.15,,Financial Software
169680-25,Ascent360,05-Jan-2017,25-Jan-2022,19.61,9.29,1.89,,Business/Productivity Software
170201-62,Asignio,03-Apr-2018,14-Jan-2022,20.23,6.00,3.00,,Network Management Software
181525-69,Asimov,25-May-2017,05-Jan-2023,"1,225.00",14.70,4.70,,Other Healthcare Technology Systems
232810-84,Assured Allies,07-Mar-2018,10-Aug-2022,200.00,12.00,5.00,,Other Services (B2C Non-Financial)
186061-06,Astraea,06-Sep-2017,22-Jul-2022,22.50,8.20,3.20,,IT Consulting and Outsourcing
162439-03,Astranis,01-Jan-2016,27-Mar-2023,"1,600.00",1.71,0.12,,Other Communications and Networking
120275-56,Astronomer,11-Nov-2015,23-Mar-2022,"1,350.00",1.08,0.08,,Database Software
109046-98,Astroscale,28-Jan-2015,27-Feb-2023,954.57,47.70,7.70,,Aerospace and Defense
99025-84,Atia Vision,05-Sep-2013,02-Aug-2022,184.00,2.78,1.11,,Therapeutic Devices
183216-79,Atmosic,09-May-2017,19-Jan-2022,168.50,14.70,6.00,,Application Specific Semiconductors
169110-64,Atom Power,09-Feb-2017,04-Aug-2022,251.19,17.70,2.70,Electric Vehicle Charging Infrastructure,Electrical Equipment
117136-72,Atomation,01-Dec-2014,31-Mar-2023,15.60,1.90,0.68,,Other Hardware
229313-08,Atreyu Trading,10-Jun-2015,30-Apr-2022,23.99,79.00,9.00,,Financial Software
267713-92,Augmentir,10-Apr-2018,18-Apr-2023,44.40,10.00,2.50,,Business/Productivity Software
435922-57,Autobahn Therapeutics,22-Mar-2018,08-Sep-2022,173.65,30.00,5.00,,Drug Discovery
152767-81,AutoFi,15-Oct-2015,07-Mar-2022,700.00,11.26,2.50,Auto Commerce,Financial Software
161550-82,Automata,09-Sep-2015,01-Feb-2022,124.35,0.46,0.03,,Electronic Equipment and Instruments
187966-36,Automotus,26-Sep-2017,22-Dec-2022,26.00,2.10,0.31,,Business/Productivity Software
98966-26,Autonomix,29-Aug-2014,13-Mar-2023,10.00,7.23,3.80,,Other Devices and Supplies
357399-82,Avataar,17-Dec-2015,01-Jan-2022,207.26,2.20,0.25,,Multimedia and Design Software
102107-26,AVECTAS,09-Oct-2013,01-Apr-2022,56.94,3.09,0.47,,Drug Delivery
60250-24,Avegant,08-Nov-2013,20-Sep-2022,90.31,7.56,2.10,,Application Specific Semiconductors
162652-24,Aveta Biomics,15-Mar-2018,08-Feb-2022,50.60,11.10,1.10,,Pharmaceuticals
137625-22,Avlino,01-Jun-2017,14-Jul-2022,40.00,8.50,2.50,,Business/Productivity Software
416650-87,Awiros,15-Feb-2018,01-Sep-2022,24.26,3.04,0.62,,Media and Information Services (B2B)
185820-58,AWM Smart Shelf,02-Oct-2017,01-Jun-2022,105.00,8.92,2.02,Cashierless Checkout,Business/Productivity Software
433270-63,Axis Spine Technologies,05-Apr-2017,17-Oct-2022,19.31,0.50,0.25,,Therapeutic Devices
185933-08,Axonius,06-Sep-2017,05-May-2022,"2,600.00",10.00,4.00,IoT Security,Network Management Software
61233-31,Azumo (Electrical Equipment),09-Jan-2015,29-Aug-2022,105.00,18.02,5.02,,Electrical Equipment
61921-18,Backstitch,30-Nov-2012,16-Sep-2022,14.03,0.31,0.03,,Business/Productivity Software
163228-87,Bainbridge Health,11-May-2016,02-Sep-2022,16.35,2.05,0.05,,Enterprise Systems (Healthcare)
181192-33,Balbix,06-Jun-2017,31-Jan-2022,420.00,43.00,8.60,IoT Security,Network Management Software
162635-86,Bambee,13-Jul-2016,16-Mar-2022,300.00,9.00,3.00,,Human Capital Services
150615-28,Bark,22-Oct-2015,01-May-2022,202.00,2.08,0.57,,Information Services (B2C)
60612-40,Bean Box,19-Oct-2016,10-Mar-2023,56.15,6.50,1.50,,Beverages
235773-91,Beehive AI,01-Aug-2016,30-Mar-2023,20.10,1.63,0.63,,Business/Productivity Software
163980-82,Beta Bionics,31-Dec-2015,16-Feb-2022,307.00,12.50,5.00,,Monitoring Equipment
268549-57,Bidnamic,30-Jan-2017,05-May-2022,25.90,4.27,0.26,,Business/Productivity Software
62705-17,Big Health,10-Sep-2012,04-Jan-2022,239.27,2.49,0.39,,Other Healthcare Technology Systems
60895-27,BigPanda,01-Jan-2012,17-Aug-2022,"1,200.00",3.14,1.52,,Business/Productivity Software
164071-18,Bigscreen,24-Feb-2017,01-Jan-2022,81.50,14.25,2.85,,Entertainment Software
168804-55,Bink,06-Feb-2015,27-Mar-2023,44.57,7.77,0.20,,Financial Software
230581-45,Biospatial,24-Apr-2018,18-May-2022,13.12,4.81,1.11,,Other Healthcare Technology Systems
84777-94,Birdeye,28-Jan-2016,25-Feb-2022,525.00,33.00,8.00,,Business/Productivity Software
55106-20,Bitcentral,25-Jul-2000,21-Jan-2022,98.00,29.50,4.50,,Business/Productivity Software
65299-51,BitFlyer,16-Oct-2014,01-Oct-2022,2.59,9.28,1.73,,Financial Software
62006-77,Bitvore,18-Mar-2014,05-Jan-2022,53.97,11.00,4.50,,Business/Productivity Software
284333-68,Black Buffalo,31-Dec-2017,31-May-2022,130.00,5.87,1.87,,Other Consumer Non-Durables
226585-63,bloXroute Labs,08-Mar-2018,04-Apr-2022,420.00,5.55,1.55,,Financial Software
63789-67,Bold Metrics,01-Sep-2014,26-May-2022,28.00,2.70,0.81,,Business/Productivity Software
107633-08,Bolt (Business/Productivity Software),13-Dec-2016,09-Feb-2022,"11,000.00",63.00,9.00,,Business/Productivity Software
95791-06,Bonusly,19-Nov-2015,27-Feb-2023,80.90,5.55,1.99,,Business/Productivity Software
113481-55,Booksy,01-Jul-2016,10-Mar-2022,538.50,9.20,4.20,,Business/Productivity Software
114624-55,Booster,28-May-2015,25-Jan-2022,775.00,12.02,3.11,,Energy Transportation
265209-58,Boston Micro Fabrication,01-Jun-2016,26-Jul-2022,445.94,20.68,4.14,,"Computers, Parts and Peripherals"
277649-74,Botrista,01-Feb-2018,01-Feb-2023,119.29,6.00,0.55,,Other Commercial Products
226949-68,Boulevard (Business/Productivity Software),01-Aug-2017,10-Aug-2022,570.00,3.80,0.60,,Business/Productivity Software
179330-14,Brain4care,07-Jul-2016,01-Dec-2022,49.25,1.00,0.30,,Monitoring Equipment
56397-25,Brandlive,06-Sep-2013,02-May-2022,150.50,4.86,1.61,,Business/Productivity Software
182237-59,Bravado,19-Apr-2018,19-May-2022,170.00,12.92,2.92,,Business/Productivity Software
265222-54,Brave Health,01-Jan-2018,20-Apr-2022,120.57,7.80,2.80,,Clinics/Outpatient Services
170475-31,Breezeway,06-Feb-2018,04-Oct-2022,62.00,7.00,2.00,,Business/Productivity Software
226102-87,Brex,01-Jan-2017,11-Jan-2022,"12,300.00",1.71,0.12,,Financial Software
265983-04,Brightseed,02-May-2018,06-Apr-2022,300.00,16.50,6.50,"AI in Foodtech, AI-powered Drug Discovery",Other Healthcare Technology Systems
228392-65,Brightside,07-May-2018,10-Nov-2022,180.14,10.00,4.00,,Financial Software
115530-40,Brightwheel,29-Apr-2016,06-Oct-2022,750.00,8.79,2.79,,Educational Software
168844-24,Broker Buddha,05-May-2016,29-Apr-2022,30.00,6.00,0.49,,Financial Software
179418-88,Built Robotics,19-Oct-2017,07-Apr-2022,352.50,37.00,15.00,Construction Robots,Electronic Equipment and Instruments
112042-27,BurstIQ,21-Apr-2015,27-Jun-2022,19.11,1.00,0.25,,Medical Records Systems
56296-36,C-Power (Other Equipment),27-Jan-2011,15-Apr-2022,48.00,8.50,2.00,,Other Equipment
54811-09,C2FO,08-Mar-2011,31-Jan-2022,"2,540.00",18.90,5.90,,Other Financial Services
55597-24,Calcivis,05-Nov-2012,28-Jun-2022,19.60,3.15,1.93,,Diagnostic Equipment
122845-33,Caledonia Spirits,21-Feb-2018,27-Jan-2023,79.22,11.83,1.83,,Beverages
50932-09,CallMiner,07-Jan-2005,21-Jun-2022,600.00,7.03,2.80,,Business/Productivity Software
60157-45,Cambridge Mechatronics,12-Nov-2010,31-Mar-2022,204.60,12.80,1.67,,Electrical Equipment
222808-69,Cambridge Medical Technologies,29-Dec-2016,13-Feb-2022,59.87,17.96,2.36,,Monitoring Equipment
229194-10,CAMP4,15-Jun-2016,17-Jun-2022,288.49,15.00,9.00,,Drug Discovery
277158-79,Capital Rx,15-Mar-2018,27-May-2022,856.00,15.00,3.00,,Enterprise Systems (Healthcare)
186757-66,Capitolis,29-Nov-2017,22-Mar-2022,"1,600.00",21.25,9.00,,Financial Software
168009-13,Captini,16-Sep-2014,20-May-2022,3.04,0.55,0.11,,Business/Productivity Software
226886-41,CaptivateIQ,19-Mar-2018,26-Jan-2022,"1,250.00",1.71,0.12,,Business/Productivity Software
51636-97,CardioFocus,01-Aug-1998,23-Feb-2023,65.00,25.70,2.57,,Surgical Devices
169706-17,CareRev,01-Jan-2016,24-Mar-2022,600.00,1.71,0.12,,Other Healthcare Services
184752-64,Cargobot,03-Aug-2017,09-Aug-2022,25.23,2.25,0.75,Autonomous Trucking,Business/Productivity Software
171543-43,Cargofy,19-Jun-2017,02-Feb-2022,10.00,0.33,0.02,,Logistics
59112-10,Cargomatic,19-Mar-2013,01-Jun-2022,"1,019.00",1.20,0.20,Digital Freight Brokerage,Logistics
185016-97,Cariina,01-Jan-2017,01-Dec-2022,10.00,0.25,0.01,,Business/Productivity Software
226380-16,Casa (Financial Software),02-Mar-2018,10-May-2022,151.00,7.66,2.66,,Financial Software
58411-00,Casetext,01-Jan-2013,07-Jan-2022,125.00,1.71,0.12,Generative AI,Business/Productivity Software
228312-19,Casma Therapeutics,03-May-2018,07-Jul-2022,148.00,77.00,58.50,,Drug Discovery
166760-29,Catalyst Software,27-Sep-2016,31-Mar-2022,251.46,8.40,2.40,,Business/Productivity Software
149891-86,CBREX,18-Dec-2015,18-May-2022,12.16,0.50,0.20,,Business/Productivity Software
153408-52,Cellics Therapeutics,21-Apr-2017,17-Feb-2022,122.00,10.00,6.00,,Biotechnology
182508-94,Cello Therapeutics,23-Jun-2017,22-Aug-2022,57.05,21.60,1.60,,Drug Discovery
52851-25,Cellworks,05-Mar-2012,28-Jul-2022,131.00,12.52,4.52,,Decision/Risk Analysis
228719-35,Celsius (Biotechnology),15-May-2018,24-Mar-2022,120.00,87.00,65.00,AI-powered Drug Discovery,Biotechnology
223505-56,Censinet,21-Sep-2017,01-Dec-2022,38.00,4.50,2.00,,Network Management Software
124947-10,Centaurus Therapeutics,07-Apr-2015,21-Jun-2022,27.00,5.90,0.90,,Drug Discovery
60694-30,Cequence Security,30-Jun-2017,19-Apr-2023,346.50,15.50,5.50,,Network Management Software
10686-97,Cerapedics,12-Sep-2007,18-Feb-2022,700.00,25.21,14.46,,Biotechnology
225682-57,Cerebro Capital,06-Feb-2018,14-Mar-2023,20.72,5.00,2.00,,Other Financial Services
53693-47,Cerecin,16-Sep-2004,02-Aug-2022,230.00,8.50,6.00,,Drug Discovery
168317-74,Ceribell,05-Aug-2015,16-Sep-2022,305.00,5.56,1.00,,Diagnostic Equipment
58285-54,Certa,01-Dec-2016,03-Mar-2022,65.00,3.50,0.50,,Business/Productivity Software
181410-04,CesiumAstro,17-May-2017,01-Mar-2022,400.00,5.00,1.75,,Wireless Communications Equipment
65533-06,CG Oncology,30-Jul-2014,01-Oct-2022,400.00,59.57,13.57,,Drug Discovery
108320-86,Changeover Technologies,06-Nov-2009,07-Dec-2022,14.29,2.51,1.25,,Environmental Services (B2B)
164311-48,Cheerfy,21-Jul-2015,02-Nov-2022,7.78,2.51,0.22,,Media and Information Services (B2B)
135359-92,Cheetah,01-Jan-2013,26-Jan-2022,275.00,1.71,0.12,,Distributors/Wholesale
182630-89,Chowbus,28-Jun-2017,21-Jul-2022,97.24,3.00,0.30,,"Other Restaurants, Hotels and Leisure"
167848-93,Chowly,31-May-2017,07-Jul-2022,127.50,4.67,0.70,Ghost Kitchens,Business/Productivity Software
148844-98,ChromaCode,13-Aug-2015,27-Feb-2023,152.97,5.20,2.20,,Diagnostic Equipment
225858-70,ChronWell,14-Feb-2018,05-Apr-2022,45.50,19.50,4.50,,Other Healthcare Technology Systems
228273-94,Cinematic Health Education,19-Mar-2018,22-Jun-2022,24.00,15.00,3.00,,Education and Training Services (B2B)
437133-43,Circit,24-Nov-2016,19-May-2022,26.90,1.23,0.05,,Financial Software
267740-02,Circle (Electronics (B2C)),01-Jan-2018,21-Oct-2022,20.23,5.00,0.75,,Electronics (B2C)
124459-84,CitizenLab,01-Sep-2015,19-May-2022,23.53,0.70,0.03,,Business/Productivity Software
56287-99,CivicEye,31-May-2012,21-Jul-2022,22.85,14.50,4.50,,Government
182869-39,Clarapath,03-Jul-2014,04-Apr-2023,191.27,8.00,3.00,,Other Devices and Supplies
95605-66,Claravine,16-May-2018,16-May-2022,60.00,13.00,4.00,,Database Software
223921-27,Clare,04-Jan-2018,11-Feb-2022,28.00,7.00,2.00,,Home Furnishings
56923-75,Clari,02-Apr-2014,19-Jan-2022,"2,650.00",14.00,6.00,,Business/Productivity Software
160476-67,Clarify,03-Oct-2016,05-Apr-2022,"1,500.00",20.96,5.96,,Other Healthcare Technology Systems
95868-37,Clarke Valve,02-Jul-2014,11-Aug-2022,24.49,4.00,1.26,,Industrial Supplies and Parts
64376-56,Clear (Financial Software),19-Aug-2014,13-Jan-2022,305.81,1.71,0.12,,Financial Software
181099-45,Clear Skye,11-May-2017,24-Mar-2022,74.08,0.65,0.15,,Network Management Software
169852-78,Clearspeed,29-Jun-2016,06-Oct-2022,143.60,5.00,1.00,,Business/Productivity Software
63827-65,ClicData,27-Jan-2011,11-Apr-2022,10.99,1.07,0.07,,Business/Productivity Software
170669-35,Clipboard Health,01-Jan-2017,18-Apr-2022,"1,300.00",1.71,0.12,,Human Capital Services
268124-41,Clockwise,27-Feb-2017,18-Jan-2022,300.00,10.00,2.00,,Business/Productivity Software
170238-61,Clodura.AI,05-Aug-2016,17-Feb-2022,3.87,0.66,0.09,,Media and Information Services (B2B)
58979-26,CloudCover,25-Mar-2011,01-Jan-2022,69.00,3.00,0.05,,Network Management Software
63872-11,CNEX Labs,15-Aug-2013,27-May-2022,132.71,7.00,2.50,,"Computers, Parts and Peripherals"
169195-60,CNote,27-Jan-2016,31-Aug-2022,28.25,1.71,0.12,,Financial Software
226290-34,Coalition,28-Feb-2018,24-Jun-2022,"5,050.00",35.00,10.00,,Commercial/Professional Insurance
267586-66,Codat,27-Jul-2017,01-Jun-2022,825.00,2.09,0.54,,Financial Software
58272-67,Codility,25-Sep-2009,14-Jul-2022,109.76,0.67,0.07,,Business/Productivity Software
226103-95,CoinTracker,19-Mar-2018,09-Feb-2022,"1,302.09",1.71,0.12,,Financial Software
64987-66,CommerceIQ,16-Jul-2014,21-Mar-2022,"1,025.00",26.50,8.50,,Business/Productivity Software
114597-28,CommLoan,17-May-2017,15-Sep-2022,13.86,10.40,2.65,,Financial Software
119747-89,Common,16-Jul-2015,22-Feb-2022,422.72,32.35,7.35,,Real Estate Services (B2C)
187710-13,Commure,19-Sep-2017,18-Jan-2022,"3,500.00",4.20,2.00,,Enterprise Systems (Healthcare)
232392-88,Concert Health,15-Dec-2017,18-Apr-2022,212.00,3.63,0.63,,Practice Management (Healthcare)
111919-24,Contego Medical,08-May-2012,19-Apr-2023,143.00,11.50,1.50,,Surgical Devices
234730-54,Convelio,06-Oct-2017,06-Mar-2022,151.67,0.60,0.07,,Logistics
138549-97,Conveyer,05-Dec-2016,14-Mar-2022,44.00,18.69,10.69,,Business/Productivity Software
434562-67,Convosight,01-Sep-2017,14-Nov-2022,36.42,0.99,0.08,,Business/Productivity Software
126334-90,Convoy,21-Dec-2015,21-Apr-2022,"3,800.00",58.51,18.51,Digital Freight Brokerage,Road
186777-73,COPYTRACK,14-Jan-2016,31-Mar-2023,16.20,0.16,0.16,,Other Commercial Services
118286-02,Cordata,10-Jul-2014,09-Sep-2022,33.40,5.00,1.00,,Enterprise Systems (Healthcare)
176439-70,Core10,10-Nov-2016,19-Jan-2023,38.00,9.21,1.00,,Business/Productivity Software
65202-04,Cornami,01-Oct-2013,01-Apr-2022,244.00,41.91,1.98,,Systems and Information Management
52935-49,Corvia,30-Jun-2009,09-Jun-2022,105.16,9.41,5.41,,Therapeutic Devices
229071-88,CourtScribes,25-May-2018,07-Feb-2022,9.50,3.68,1.18,,Legal Services (B2B)
173460-88,Cover Genius,01-Jan-2015,01-Nov-2022,657.00,10.00,1.10,,Financial Software
150076-09,CreativeX,01-Sep-2015,07-Jun-2022,135.00,8.25,1.50,,Business/Productivity Software
132816-16,Crelate,28-Feb-2017,15-Mar-2022,45.01,15.07,1.73,,Business/Productivity Software
152587-63,Crio,01-Mar-2016,11-Jan-2022,52.00,2.81,0.81,,Other Healthcare Technology Systems
161844-94,Critical Insight,30-Mar-2018,15-Jun-2022,38.10,12.45,6.35,,IT Consulting and Outsourcing
223716-88,Crowdbotics,01-Jan-2017,25-Jan-2023,175.00,1.71,0.12,"AI-powered Code Completion, Low Code / No Code",Software Development Applications
111478-42,Crua Outdoors,12-Feb-2015,27-Jul-2022,12.15,0.58,0.06,,Recreational Goods
85884-22,Crunchbase,22-Sep-2015,30-Jun-2022,350.00,19.50,6.50,,Media and Information Services (B2B)
265181-14,Culdesac,01-Jan-2018,21-Jan-2022,160.00,2.14,0.15,,Real Estate Services (B2C)
226335-88,Cullgen,01-Mar-2018,08-May-2023,280.00,29.40,15.00,,Drug Discovery
228956-68,Curbio,31-Jan-2018,18-Jan-2022,340.00,16.60,6.60,,Real Estate Services (B2C)
63916-48,Customer.io,17-May-2012,10-Mar-2022,784.91,0.33,0.02,,Business/Productivity Software
222812-92,Customers.ai,03-Dec-2017,06-Oct-2022,25.30,9.94,3.40,,Business/Productivity Software
222264-64,CY Vision,17-Nov-2017,01-Nov-2022,65.00,25.00,7.00,,Multimedia and Design Software
117613-99,Cybrary,25-Aug-2015,01-Aug-2022,120.00,3.50,0.50,,Educational Software
83348-74,Cybrilla Technologies,29-Aug-2015,21-Dec-2022,14.60,0.15,0.01,,Financial Software
114106-42,CyMedica Orthopedics,09-Jun-2013,25-Jan-2023,17.00,8.00,0.58,,Therapeutic Devices
140881-42,Cyrebro,01-Jul-2013,14-Sep-2022,94.24,8.29,1.00,,Network Management Software
85892-50,Cytonics,18-May-2009,22-Nov-2022,61.89,22.30,2.30,,Drug Discovery
57066-49,D-Orbit,07-Mar-2011,06-Apr-2022,"1,280.00",0.96,0.41,Small Satellites,Aerospace and Defense
162124-30,Darwinbox,01-Jul-2016,04-Jan-2023,944.84,2.94,0.70,,Human Capital Services
168599-89,Dashbot,17-Aug-2017,27-Sep-2022,18.12,7.00,2.00,,Business/Productivity Software
154775-53,data.world,11-Jul-2016,20-May-2022,350.00,49.00,14.00,,Database Software
51201-19,DataStax,27-Oct-2010,15-Jun-2022,"1,715.00",9.70,2.70,,Database Software
180129-79,Dataswift,10-Nov-2016,25-Feb-2022,12.66,3.24,0.16,,Business/Productivity Software
98947-63,DealHub,29-Oct-2014,14-Jun-2022,280.38,2.81,1.50,,Business/Productivity Software
118050-76,Dealpath,01-Nov-2014,08-Sep-2022,108.00,11.55,2.55,,Business/Productivity Software
107512-03,Decisio,18-Dec-2013,14-Feb-2022,60.29,5.00,1.35,,Decision/Risk Analysis
86072-86,DecisionNext,20-Feb-2015,06-Jan-2023,28.09,6.00,2.70,,Business/Productivity Software
232679-71,DeckRobot,01-Oct-2017,23-Feb-2022,9.00,3.00,0.30,,Multimedia and Design Software
112291-48,Dedrone,28-Apr-2015,13-Jul-2022,366.00,6.41,3.00,,Electronic Equipment and Instruments
277223-05,Deepcell,27-Dec-2017,17-Mar-2022,223.00,21.50,5.00,,Biotechnology
43030-90,Delphinus Medical Technologies,01-Sep-2010,13-Sep-2022,260.41,15.00,11.00,,Diagnostic Equipment
96914-53,Deontics,28-Aug-2014,12-Sep-2022,24.03,2.98,1.40,,Other Healthcare Technology Systems
222968-35,Descript,12-Dec-2017,10-Nov-2022,575.00,25.00,5.00,Generative AI,Multimedia and Design Software
64498-51,Devo,01-Nov-2013,16-May-2022,"2,000.00",10.50,3.00,,Business/Productivity Software
97614-73,Dice,01-Sep-2014,08-Apr-2022,303.96,6.18,1.61,,"Other Restaurants, Hotels and Leisure"
60914-35,DiffusionData,24-Apr-2010,06-Mar-2023,29.42,1.82,0.12,,Business/Productivity Software
494316-37,Digital Frontier News,01-Apr-2018,26-Aug-2022,27.17,4.02,0.27,NFTs,Media and Information Services (B2B)
228484-36,Dispatch,01-Jan-2018,10-Mar-2022,180.00,9.20,2.20,,Logistics
51541-84,DNAnexus,28-Jul-2009,08-Mar-2022,620.00,4.55,1.55,AI-powered Drug Discovery,Discovery Tools (Healthcare)
108440-65,Dockwa,01-Jun-2016,19-Jan-2022,170.00,8.00,3.25,,Business/Productivity Software
64089-55,DocSpera,19-Jun-2014,12-Sep-2022,23.00,8.85,2.35,,Enterprise Systems (Healthcare)
101357-11,Domuso,15-Oct-2014,17-Aug-2022,85.00,3.50,0.50,,Financial Software
124851-34,Dremio,25-Sep-2015,18-Jan-2022,"2,160.00",32.00,12.00,,Business/Productivity Software
399656-71,DRNXMYTH,10-Aug-2016,01-Jan-2022,21.00,2.50,0.50,,Beverages
123676-66,Drone Racing League,31-Aug-2015,23-Jun-2022,185.00,7.00,2.00,,"Movies, Music and Entertainment"
151063-48,Drop Water,14-Apr-2016,10-Nov-2022,30.00,7.50,3.60,Sustainable Packaging,Electrical Equipment
172924-03,DSP Concepts,19-Sep-2017,26-Jan-2022,153.00,31.00,10.00,,Software Development Applications
495494-47,Dumpling Daughter,29-Mar-2018,16-Nov-2022,11.92,5.00,1.00,,Restaurants and Bars
185254-66,EagleRail Container Logistics,14-Mar-2016,28-Feb-2022,31.40,3.00,2.00,,Logistics
100619-38,Echodyne,18-Dec-2014,13-Jun-2022,485.00,33.00,15.00,,Electronic Equipment and Instruments
187779-52,Eclypsium,28-Sep-2017,23-Aug-2022,115.00,9.00,2.30,,Network Management Software
173090-98,Eden Health,20-Mar-2018,29-Aug-2022,405.00,8.81,3.81,,Other Healthcare Technology Systems
137734-12,Edge10 Group,31-Jul-2017,27-Feb-2023,26.27,8.08,0.60,,Business/Productivity Software
168415-03,eGreen,31-Jan-2018,20-Jun-2022,2.48,1.76,0.17,,Other Financial Services
56010-07,Elation Health,21-Mar-2012,25-Jul-2022,400.00,12.00,3.50,,Enterprise Systems (Healthcare)
167110-66,Electric (IT Consulting and Outsourcing),18-Nov-2016,18-Aug-2022,"1,000.00",8.00,2.00,,IT Consulting and Outsourcing
169709-77,Elektrofi,01-Jun-2018,06-Jun-2022,122.54,7.50,2.50,,Drug Delivery
164354-68,Elemeno Health,23-Aug-2016,26-Apr-2022,16.92,1.71,0.12,,Other Healthcare Technology Systems
169690-51,Element Analytics,01-Nov-2015,14-Mar-2022,31.16,10.00,2.50,,Database Software
62075-53,Elevate HR,20-Mar-2014,18-Jan-2022,4.00,5.00,1.00,,Human Capital Services
124926-04,Ellevest,01-Jul-2017,06-Apr-2022,363.00,84.60,34.60,,Financial Software
103935-97,Elucent Medical,19-May-2016,31-Jan-2023,50.00,17.25,7.25,,Surgical Devices
228911-32,Elucidata,09-May-2018,21-Sep-2022,76.00,11.70,1.70,AI-powered Drug Discovery,Business/Productivity Software
61618-24,Emerald Cloud Lab,22-Dec-2010,03-Jun-2022,450.56,15.00,5.00,AI-powered Drug Discovery,Laboratory Services (Healthcare)
61106-23,Emissary,14-Jul-2014,03-Jun-2022,22.37,6.50,2.50,,Media and Information Services (B2B)
124664-05,Empower Semiconductor,19-Feb-2014,08-Mar-2023,201.00,4.80,1.80,,Application Specific Semiconductors
230113-72,Enko,30-May-2017,05-Dec-2022,330.00,16.00,6.00,,Agricultural Chemicals
168684-76,Enterprise Bot,01-Aug-2016,24-Jan-2022,15.88,0.28,0.02,,Business/Productivity Software
222203-44,Entertainment Data Oracle,27-Jun-2014,06-Apr-2022,270.00,5.00,1.00,,Business/Productivity Software
171605-08,Enveil,01-Dec-2016,27-Apr-2022,305.00,3.00,1.00,,Network Management Software
64901-80,Epic Games,21-Mar-2013,11-Apr-2022,"31,500.00",681.81,330.00,,Entertainment Software
178185-07,Episode Six,01-Feb-2017,28-Feb-2022,210.00,18.00,3.00,,Financial Software
167034-16,Eridan,21-Feb-2018,12-Jan-2022,120.00,10.50,2.50,,Wireless Communications Equipment
61717-96,Eseye,23-Feb-2010,06-Apr-2022,95.06,0.82,0.39,,Other Communications and Networking
86365-45,Evabot,26-Aug-2016,14-Feb-2022,50.33,0.71,0.05,,Application Software
229499-65,Evertas,30-May-2018,12-Dec-2022,44.00,3.95,0.95,,Other Insurance
149676-04,Everytable,01-Jan-2018,04-Aug-2022,177.00,10.00,1.00,,Restaurants and Bars
56940-04,Evolve,01-May-2011,31-Jan-2022,700.00,1.94,0.53,,Real Estate Services (B2C)
100152-46,Evolved By Nature,24-Mar-2014,06-May-2022,490.00,3.58,1.20,,Personal Products
172908-73,ExactTrak,27-Mar-2012,01-Mar-2023,11.48,3.01,0.75,IoT Security,Network Management Software
166306-78,Expel,26-Sep-2016,01-Nov-2022,"1,077.30",17.66,7.50,,Network Management Software
434625-22,Eyas Medical Imaging,14-Sep-2017,07-Oct-2022,18.00,13.80,5.80,,Diagnostic Equipment
226946-44,Facilio,19-Mar-2018,22-Feb-2022,171.00,3.90,1.50,,Business/Productivity Software
278572-51,Fadu,30-Nov-2016,25-Feb-2023,853.22,58.16,6.84,,Storage (IT)
469056-52,Fanera,01-Feb-2018,30-Apr-2022,4.50,1.00,0.12,,Social/Platform Software
61593-76,Faraday,17-Mar-2014,28-Jun-2022,20.50,1.98,0.78,,Media and Information Services (B2B)
159939-91,Farmshelf,13-Apr-2016,28-Oct-2022,56.21,1.57,0.06,Indoor Farming,Other Consumer Durables
173027-71,Fashwire,01-Sep-2015,15-Mar-2022,30.00,2.50,0.75,,Internet Retail
56700-10,Feathr,15-Apr-2013,07-Mar-2022,50.00,1.65,0.15,,Business/Productivity Software
54628-93,Featurespace,14-Jan-2011,12-Aug-2022,450.47,5.60,1.55,,Network Management Software
62952-31,Fend (Other Consumer Durables),15-Oct-2013,12-Jul-2022,30.02,17.50,1.30,,Other Consumer Durables
223857-55,Fernish,01-Dec-2017,11-Apr-2023,60.00,6.00,2.50,,Home Furnishings
221682-25,Fetch,01-Jan-2015,04-Mar-2022,15.60,1.71,0.12,,Automotive
63506-44,Fevo,16-Jul-2015,19-Dec-2022,286.59,24.25,4.25,,Media and Information Services (B2B)
150338-62,Fidel API,30-Jan-2013,18-Feb-2022,111.25,1.20,0.24,,Financial Software
56521-54,Field Agent,08-Mar-2013,02-Nov-2022,26.72,5.50,2.50,,Media and Information Services (B2B)
466090-66,Fifty (Media and Information Services),30-Mar-2016,07-Apr-2022,30.36,2.07,0.17,,Media and Information Services (B2B)
57686-86,Figma,14-Jun-2013,15-Sep-2022,"20,000.00",14.82,3.87,,Multimedia and Design Software
179564-41,Finless Foods,14-Sep-2017,07-Mar-2022,184.00,1.82,0.20,Clean Meat,Food Products
162201-88,Finwave,11-Jul-2013,12-Sep-2022,41.20,6.60,1.60,,Application Specific Semiconductors
122672-44,Fivos,06-Apr-2016,15-Feb-2022,78.90,16.90,14.70,,Enterprise Systems (Healthcare)
115350-85,Flexe,12-Nov-2015,06-Jul-2022,"1,100.00",21.33,6.33,Warehouse Management Tech,Business/Productivity Software
51493-96,FlexEnergy Solutions,01-May-2008,23-Feb-2022,107.19,5.05,2.75,,Oil and Gas Equipment
168159-97,Flipdish,07-Dec-2016,13-Jan-2022,"1,127.07",5.56,0.21,,Business/Productivity Software
185188-06,Flock Safety,21-Aug-2017,31-Jan-2022,"3,910.00",1.71,0.12,,Electronic Equipment and Instruments
229894-66,Flying Embers,29-Dec-2017,19-Jan-2022,268.00,10.23,3.00,,Beverages
160876-99,FogPharma,18-Aug-2017,17-Nov-2022,398.00,36.00,11.00,,Drug Discovery
186688-63,Form Energy,18-Sep-2017,04-Oct-2022,"1,950.00",14.80,2.00,,Electrical Equipment
167061-34,Forma Vision,09-Sep-2016,08-Nov-2022,33.50,1.30,0.15,,Communication Software
170427-43,Fortanix,01-May-2017,15-Sep-2022,480.00,20.07,8.07,IoT Security,Network Management Software
172010-98,Fortë,07-Dec-2017,01-Nov-2022,60.00,5.31,1.31,,Other Commercial Services
229975-48,Fourier Intelligence,30-Jul-2015,21-Jan-2022,2.35,6.44,1.29,Medical Exoskeletons and Prosthetics,Therapeutic Devices
268621-12,Fox Robotics (Machinery),05-Mar-2018,05-Apr-2022,4.17,2.06,0.17,,Machinery (B2B)
153476-11,Foxtrot,02-Nov-2015,11-Jan-2022,475.00,5.11,1.11,,Internet Retail
168052-87,Frame.ai,06-Oct-2016,29-Nov-2022,32.60,6.54,1.54,,Business/Productivity Software
233811-01,Freightify,08-Sep-2017,16-Feb-2022,11.79,0.78,0.08,,Logistics
434548-99,Fresh Bellies,25-Apr-2017,01-Jan-2022,17.20,3.79,0.79,,Food Products
224386-93,FrontM,01-Jun-2016,04-Apr-2022,11.22,8.71,1.45,,Business/Productivity Software
264491-20,Frore Systems,01-Jan-2018,01-Dec-2022,503.00,24.00,10.25,,Electronic Equipment and Instruments
64888-93,FullStory,18-Jul-2014,09-Aug-2022,"1,825.00",0.83,1.50,,Business/Productivity Software
170515-09,Furcifer,20-Sep-2015,25-Feb-2022,30.77,11.50,2.00,,Application Specific Semiconductors
267024-97,Future (Educational and Training Services),16-Jun-2017,03-Feb-2022,275.00,12.00,3.00,,Educational and Training Services (B2C)
182816-11,Future Family,28-Aug-2017,04-Feb-2022,80.00,3.00,1.00,Fertility Tech,Other Healthcare Services
101613-43,Futurestay,20-Nov-2014,07-Oct-2022,27.02,1.33,0.33,,Business/Productivity Software
169756-03,Fuzzy,12-Jan-2018,13-Apr-2022,239.00,9.50,4.50,,Other Services (B2C Non-Financial)
111839-14,Gamurs,24-Apr-2015,05-Oct-2022,85.82,0.51,0.02,,Publishing
229074-67,General System,13-Jul-2016,07-Feb-2022,62.70,2.64,1.14,,Electronic Equipment and Instruments
60138-19,Genies,30-Oct-2013,12-Apr-2022,"1,000.00",5.33,1.33,Digital Avatars,Multimedia and Design Software
232143-94,Ghost Autonomy,06-Jul-2017,28-Apr-2023,104.00,24.23,9.23,,Automotive
300235-15,Ghost Tequila,01-Dec-2017,04-Apr-2023,125.00,40.00,3.19,,Beverages
267368-32,GiftCrowd,13-Dec-2016,22-Feb-2022,5.80,0.50,0.05,,Other Services (B2C Non-Financial)
128479-51,Glint (Financial Software),09-Nov-2016,25-Apr-2023,89.48,16.06,3.74,,Financial Software
57312-46,Global Surface Intelligence,20-Jan-2013,31-Aug-2022,7.57,1.93,0.64,,Database Software
60015-25,Glowbl,02-Nov-2011,10-Jan-2023,7.59,0.55,0.28,,Communication Software
101730-97,GO1,11-Aug-2015,06-Jun-2022,"2,000.00",13.76,2.22,,Educational Software
54223-12,Good Eggs,01-Aug-2011,23-Mar-2023,22.00,6.00,1.50,,Internet Retail
53340-40,GoodBelly Probiotics,15-Apr-2008,21-Apr-2023,73.00,24.00,6.00,,Beverages
63755-83,Gooten,10-Apr-2014,17-Feb-2023,72.59,5.60,1.40,,Business/Productivity Software
132281-92,GovInvest,14-Dec-2016,15-Nov-2022,33.00,11.03,1.03,,Financial Software
53816-41,Gravy Analytics,17-Oct-2011,06-Jan-2022,81.41,10.40,3.40,,Media and Information Services (B2B)
453513-97,Grene Robotics,03-Feb-2014,28-Jan-2022,17.28,1.98,0.35,,Business/Productivity Software
163106-02,Gridwise,24-Jul-2017,08-Apr-2022,49.75,0.33,0.02,,Business/Productivity Software
96144-85,GridX,17-May-2016,27-May-2022,113.00,14.44,2.60,,Business/Productivity Software
66130-57,Groundfloor,01-Dec-2014,28-Feb-2022,165.00,17.80,2.80,Real Estate Crowdfunding,Financial Software
57866-50,Groupize,10-Jul-2013,14-Dec-2022,12.61,6.89,2.39,,Business/Productivity Software
101368-90,GrubMarket,27-Jan-2015,28-Nov-2022,"2,200.00",3.60,2.10,,Specialty Retail
55758-97,Gusto,01-Jan-2012,12-May-2022,"9,630.00",1.43,0.10,,Business/Productivity Software
63506-26,HackerOne,08-Nov-2013,27-Jan-2022,829.00,33.00,9.00,,Network Management Software
53913-16,HackerRank,01-Jan-2011,29-Mar-2022,335.00,1.79,0.20,,Human Capital Services
181401-49,Half Moon Medical,24-May-2017,21-Feb-2023,12.00,10.00,6.17,,Surgical Devices
149596-39,Hallux,10-Dec-2015,06-Apr-2022,19.40,12.32,7.10,,Drug Delivery
231457-69,HaloSOS,16-May-2018,08-Sep-2022,3.16,0.62,0.06,,Business/Productivity Software
119615-50,Handshake,15-Apr-2015,19-Jan-2022,"3,500.00",14.44,4.34,,Human Capital Services
512295-58,Harmony Mineral Water Bottling,01-Jan-2018,01-May-2022,2.06,0.54,0.41,,Other Consumer Non-Durables
187740-28,Harness,24-Oct-2017,12-Apr-2022,"3,700.00",77.70,19.42,AI-powered Code Completion,Business/Productivity Software
264995-74,HaulHub Technologies,16-Nov-2017,01-Mar-2022,327.50,0.77,0.55,,Business/Productivity Software
231665-41,Hazel Health,10-Mar-2016,27-Oct-2022,331.50,6.65,0.65,,Clinics/Outpatient Services
42372-73,Hazeltree,15-Dec-2009,17-Aug-2022,85.00,6.00,6.00,,Financial Software
121833-01,Headset,17-Oct-2016,08-Mar-2022,66.60,6.50,1.43,,Media and Information Services (B2B)
66174-94,Health Gorilla,20-Aug-2014,07-Mar-2022,350.00,7.91,1.20,,Medical Records Systems
42503-41,HealthMine,01-Jul-2011,01-Mar-2022,54.00,140.00,40.00,,Other Healthcare Technology Systems
180437-50,Heartland Water Technology,12-Apr-2017,28-Feb-2022,125.00,19.35,12.00,,Environmental Services (B2B)
166145-95,HelloTeam,06-Sep-2016,21-Apr-2023,31.15,3.00,1.00,,Human Capital Services
183724-57,Hexagon Bio,18-Jul-2017,13-Feb-2023,330.00,23.30,8.30,,Drug Discovery
109722-97,HidrateSpark,09-Mar-2015,10-Jan-2023,46.50,0.33,0.02,,Other Consumer Durables
239589-73,High Road Craft,31-Dec-2013,25-Feb-2022,48.28,44.83,9.83,,Distributors/Wholesale
90679-24,Hint Health,07-May-2018,31-May-2022,99.99,19.37,10.37,,Enterprise Systems (Healthcare)
223895-44,Hippo Video,09-Jan-2018,22-Dec-2022,45.00,2.00,0.70,,Business/Productivity Software
55373-23,HireArt,09-Mar-2012,25-Jan-2022,125.90,1.71,0.12,,Human Capital Services
127746-73,Hivemapper,04-Jan-2013,05-Apr-2022,88.00,5.50,0.50,,Media and Information Services (B2B)
120017-71,Home365,01-May-2015,17-Feb-2022,125.00,6.10,3.00,,Other Commercial Services
171455-95,Honeycomb (Software Development Applications),01-Jan-2016,06-Apr-2023,550.00,10.00,2.00,,Software Development Applications
101869-30,HopSkipDrive,16-Jul-2015,30-Jun-2022,175.00,9.90,3.90,,Automotive
517113-46,Hotelway,04-May-2018,05-Dec-2022,1.59,0.12,0.02,,Business/Productivity Software
224306-83,Hotshot (Education and Training Services (B2B)),01-Feb-2016,28-Apr-2022,5.80,4.00,1.00,,Education and Training Services (B2B)
58361-41,Housecall Pro,08-Aug-2013,23-Jun-2022,"1,145.00",6.30,1.50,,Business/Productivity Software
157413-34,Houwzer,01-Jun-2017,08-Feb-2022,63.50,7.00,2.00,,Real Estate Services (B2C)
118129-60,Hovr,15-Sep-2014,01-Aug-2022,12.60,0.88,0.28,,Media and Information Services (B2B)
123122-44,HST (Business/Productivity Software),22-May-2013,12-Aug-2022,51.00,5.79,2.17,,Business/Productivity Software
62828-65,HUBB Filters,29-Jun-2012,13-May-2022,40.00,8.70,3.70,,Industrial Supplies and Parts
60369-13,Huma,24-Oct-2012,23-Mar-2022,579.37,0.71,0.05,,Other Healthcare Technology Systems
228272-68,Humu,02-May-2017,11-Jan-2022,535.00,55.53,10.53,,Business/Productivity Software
60713-02,Hylete,08-Mar-2013,10-Jun-2022,27.40,1.33,0.33,,Clothing
300640-60,Hyperia,07-Jun-2017,05-Apr-2023,13.15,0.88,0.40,,Business/Productivity Software
170280-01,HyperTrack,02-Dec-2016,17-Aug-2022,86.29,6.50,1.50,,Software Development Applications
101859-04,HYPR,01-Sep-2017,23-Nov-2022,170.00,13.17,3.35,Passwordless Authentication,Network Management Software
187665-67,Hyr Medical,01-Jan-2017,24-May-2022,5.75,0.92,0.09,,Enterprise Systems (Healthcare)
149990-68,Icelandic Provisions,21-Dec-2015,04-May-2023,147.83,21.20,11.00,,Food Products
61064-29,Iceotope,01-Mar-2013,01-Jun-2022,124.42,9.03,3.73,,Electronic Equipment and Instruments
52576-66,ID.me,09-May-2012,11-Apr-2023,"1,632.00",14.58,3.58,,Government
166027-60,Immune-Onc Therapeutics,01-Sep-2016,05-Jan-2023,255.00,24.00,7.00,,Drug Discovery
483348-07,ImmuneBridge,18-May-2018,06-Jan-2023,25.00,16.55,8.05,,Biotechnology
154798-48,ImmunoMet,01-Aug-2015,19-Oct-2022,105.50,1.35,1.00,,Drug Discovery
118786-87,Immuta,16-Jul-2015,08-Jun-2022,"1,000.00",3.25,1.25,,Business/Productivity Software
167143-96,Impact Analytics,14-Oct-2016,26-Oct-2022,85.55,1.75,0.75,,Business/Productivity Software
126130-87,Imply,19-Oct-2015,14-Apr-2022,"1,115.00",10.33,2.00,,Database Software
64908-73,IncludeHealth,31-Oct-2013,31-Oct-2022,30.00,3.30,1.10,,Other Healthcare Technology Systems
178226-11,Incredible Health,30-Nov-2016,17-Aug-2022,"1,650.00",1.71,0.34,,Human Capital Services
153133-93,InCrowd (Business/Productivity Software),02-Feb-2016,27-Jul-2022,21.69,4.95,2.37,,Business/Productivity Software
182588-41,InfanDx,20-Dec-2016,15-Mar-2022,23.69,31.07,2.12,,Diagnostic Equipment
101509-12,Infinitum,16-Jul-2014,08-Nov-2022,310.00,2.30,0.30,,Machinery (B2B)
58517-11,Infollion,11-Jan-2011,08-Aug-2022,0.96,0.17,0.03,,Media and Information Services (B2B)
328078-00,Inmedix,01-Aug-2017,30-Mar-2022,16.45,2.60,0.60,,Diagnostic Equipment
227011-42,Inoviv,23-Mar-2018,28-Jan-2022,15.87,0.16,0.01,,Drug Delivery
62422-03,InSilico Medicine,16-Apr-2014,01-Jun-2022,895.00,1.50,1.50,"AI-powered Drug Discovery, Anti-Aging, Generative AI",Drug Discovery
165969-37,Inspectorio,15-Jun-2016,01-Mar-2022,323.16,0.33,0.02,,Business/Productivity Software
104694-58,Inspirna,30-Sep-2013,29-Aug-2022,120.00,7.50,2.50,,Drug Discovery
113191-12,Instabase,17-Aug-2015,03-Jul-2022,"2,000.00",18.75,3.75,,Business/Productivity Software
266431-78,Intain,11-Apr-2018,06-Jul-2022,1.55,2.07,1.98,,Financial Software
169556-95,Integrated Endoscopy,12-Aug-2016,29-Aug-2022,72.14,25.72,10.72,,Surgical Devices
168196-60,IntelyCare,06-Jul-2017,06-Apr-2022,"1,100.00",15.00,3.00,,Other Healthcare Technology Systems
98324-47,Interplay Learning,20-Sep-2010,09-Aug-2022,137.00,0.80,0.30,,Educational Software
162558-28,Invicta Medical,12-Jul-2016,21-Apr-2023,75.00,18.60,6.60,,Therapeutic Devices
155941-48,Invivox,21-Mar-2016,24-Mar-2022,19.89,4.58,1.33,,Educational Software
51324-94,Invoca,06-Mar-2009,02-Jun-2022,"1,100.00",7.29,3.59,,Business/Productivity Software
55453-60,iovox,28-Mar-2008,31-Mar-2022,31.21,1.01,0.18,,Media and Information Services (B2B)
458160-31,IQ Endoscopes,07-Nov-2016,25-Jan-2023,19.41,1.23,0.31,,Diagnostic Equipment
181932-40,Iristick,06-May-2017,05-May-2022,20.81,6.76,0.94,,Other Commercial Products
54801-28,iSpot.tv,06-Jul-2012,31-May-2022,"1,010.04",2.58,0.57,,Media and Information Services (B2B)
65161-99,Issio Solutions,08-Jun-2012,18-Jan-2023,28.18,3.80,1.10,,Enterprise Systems (Healthcare)
222107-32,Itilite,09-Nov-2017,13-Apr-2022,143.56,2.10,0.62,,Other Commercial Services
57001-69,Itineris,30-Jun-2011,10-Jun-2022,228.85,48.21,6.48,,Business/Productivity Software
135950-23,J3 Bioscience,18-Jul-2007,02-Mar-2022,14.00,0.30,0.30,,Therapeutic Devices
85917-43,Jaanuu,24-Nov-2015,11-Jan-2022,325.00,3.50,1.50,,Clothing
169830-46,Jacobi,01-Feb-2017,20-Sep-2022,65.00,10.96,3.96,,Financial Software
233722-18,Jellyfish (Business/Productivity Software),01-Jan-2017,01-Feb-2022,606.70,11.69,2.69,,Business/Productivity Software
182455-30,Jerry,01-Jan-2017,29-Apr-2022,571.77,2.14,0.15,,Insurance Brokers
166491-01,Jiko,23-Dec-2016,06-Oct-2022,365.00,1.00,0.29,,Financial Software
237439-90,Jio Health,09-Feb-2017,09-Mar-2022,32.99,12.53,2.73,,Clinics/Outpatient Services
223050-52,Jnana Therapeutics,01-Jul-2017,15-Nov-2022,295.00,130.00,50.00,,Drug Discovery
172065-79,Jobox,21-Jun-2017,12-Apr-2022,172.00,7.17,1.67,,Business/Productivity Software
61827-49,Jöttnar,02-Jul-2013,18-Jan-2023,8.26,0.45,0.15,,Clothing
164203-66,Joy,19-Nov-2014,30-Nov-2022,350.00,5.90,0.90,,Other Services (B2C Non-Financial)
224392-24,Juni (Educational Software),08-Feb-2018,26-May-2022,74.30,1.71,0.12,,Educational Software
226230-04,Juvena Therapeutics,09-Feb-2018,08-Nov-2022,100.00,15.00,4.33,,Drug Discovery
303045-31,K16 Solutions,18-May-2017,17-Mar-2023,63.26,7.20,0.11,,Business/Productivity Software
224577-28,Kaiyo,26-Jan-2015,29-Mar-2022,115.00,0.35,0.05,,Internet Retail
149119-93,Kallyope,10-Dec-2015,27-Jan-2022,"1,136.00",67.00,44.00,,Biotechnology
170667-46,Kapalya,18-Apr-2015,01-May-2022,15.00,1.20,0.20,,Network Management Software
172862-56,Kaptyn,23-May-2017,17-Mar-2022,120.00,22.44,2.44,,Automotive
102462-67,Karomi,18-Aug-2014,27-Jun-2022,15.40,1.41,0.08,,Media and Information Services (B2B)
157570-93,Katalyst Fitness,13-Nov-2017,04-Oct-2022,126.00,43.00,13.00,,Other Services (B2C Non-Financial)
233514-55,Kate Farms,22-Jan-2015,19-Sep-2022,641.00,8.50,1.50,,Beverages
267951-07,KayoThera,03-Mar-2018,31-Mar-2023,18.00,3.00,0.75,,Drug Discovery
120688-84,Kelvin (Business/Productivity Software),19-Oct-2015,31-Mar-2022,162.51,8.25,3.25,,Business/Productivity Software
187921-09,Ketos,08-Sep-2017,30-Nov-2022,54.27,9.00,2.70,,Electronic Equipment and Instruments
264352-60,Kickfin,01-Jan-2018,23-Jun-2022,36.00,1.30,0.30,,Financial Software
52923-34,Kickstarter,14-Jan-2010,01-May-2022,400.00,5.00,1.00,,Other Capital Markets/Institutions
231604-93,Kinside,01-Jan-2018,07-Jun-2022,39.00,1.71,0.12,,Media and Information Services (B2B)
42936-49,Klarna,10-Apr-2005,11-Jul-2022,"6,700.00",0.78,0.08,,Financial Software
166681-45,Klaxoon,01-Mar-2015,21-Feb-2023,98.69,0.71,0.05,,Communication Software
229877-47,Knowde,12-Sep-2017,14-Jul-2022,561.50,6.00,1.50,,Multi-line Chemicals
277397-38,Kriptos,27-May-2018,01-Jun-2022,14.91,2.00,0.12,,Network Management Software
221945-05,Kroo,13-Dec-2017,31-May-2022,115.10,12.12,2.92,,Financial Software
308322-91,Kubit,17-May-2018,30-Mar-2022,80.00,6.10,2.10,,Business/Productivity Software
222566-32,Kushim,25-Sep-2017,07-Sep-2022,15.80,0.65,0.30,,Financial Software
52304-14,Kyruus,21-Jun-2011,15-Sep-2022,450.10,10.70,5.50,,Enterprise Systems (Healthcare)
54701-38,Labdoor,01-May-2012,01-Oct-2022,20.00,2.50,0.25,,Information Services (B2C)
55138-69,Lambda,20-Dec-2017,01-Mar-2023,170.00,16.00,4.00,,Business/Productivity Software
234644-41,LambdaTest,22-Jan-2018,04-Apr-2022,373.50,1.19,0.40,,Software Development Applications
223655-68,LandscapeHub,14-Mar-2018,10-Feb-2022,36.00,12.00,5.40,,Distributors/Wholesale
131250-70,Laoshi,29-Sep-2014,01-Feb-2022,5.00,0.56,0.04,,Educational and Training Services (B2C)
54778-69,Larky,02-Apr-2013,13-Mar-2023,25.00,1.65,0.65,,Business/Productivity Software
223826-68,Latitude Food Allergy Care,05-Jan-2018,11-Aug-2022,22.69,8.25,2.75,,Clinics/Outpatient Services
155954-35,Lattice,23-Mar-2016,18-Jan-2022,"3,000.00",1.79,0.13,,Business/Productivity Software
172840-42,LawVu,01-Jun-2016,11-Apr-2022,66.90,1.00,0.10,,Business/Productivity Software
168983-83,Ledger Investing,21-Mar-2017,15-Jun-2022,325.00,1.71,0.12,,Financial Software
314637-85,Legionfarm,01-Jan-2017,15-Feb-2022,60.00,0.48,0.03,,Educational and Training Services (B2C)
171855-82,Lensabl,25-Apr-2017,28-Jan-2022,44.57,2.70,0.70,,Accessories
229154-95,Levelfield Financial,29-May-2018,21-Jul-2022,70.00,6.25,0.82,,Investment Banks
107002-99,Levita Magnetics,08-Mar-2017,31-Jan-2022,90.00,39.00,9.00,,Other Healthcare Services
184334-59,LevitasBio,03-Aug-2017,24-Oct-2022,107.00,19.50,8.00,,Biotechnology
55164-25,LifeBook (Publishing),06-Sep-2012,04-Aug-2022,5.52,7.73,2.52,,Publishing
167038-57,LifeMine,15-Sep-2017,01-Mar-2022,525.00,110.00,70.00,,Drug Discovery
180416-53,Light Field Lab,01-Nov-2017,07-Jul-2022,230.00,19.50,7.00,,Electronics (B2C)
114095-98,Lilt,28-Oct-2016,07-Apr-2022,385.00,10.20,3.00,,Business/Productivity Software
57782-62,Liquid X,21-May-2013,19-Dec-2022,12.40,5.82,1.82,Smart Clothing,Specialty Chemicals
42924-88,LiquidX,24-Jun-2013,17-May-2022,150.00,27.88,10.00,,Brokerage
226362-34,LIV (Entertainment Software),17-Jul-2017,09-Feb-2022,43.50,2.00,0.12,,Entertainment Software
509265-19,LivDay,21-Feb-2018,21-Sep-2022,38.00,2.54,0.54,,Other Commercial Products
109011-97,Loadsmart,18-Dec-2014,03-Jan-2022,"1,300.00",8.00,3.00,Digital Freight Brokerage,Business/Productivity Software
86040-01,LoanStreet,06-Jan-2017,26-Jan-2022,125.00,11.50,2.50,,Financial Software
91982-62,Localvore,01-Oct-2015,01-Nov-2022,9.87,2.70,0.70,,Media and Information Services (B2B)
160277-86,Locus Robotics,26-May-2016,17-Nov-2022,"2,000.00",35.25,15.25,Warehouse Management Tech,Other Hardware
100569-70,LogPoint,31-Dec-2012,18-Mar-2022,100.65,5.03,0.94,,Network Management Software
268531-39,Lokker,01-Mar-2017,20-Apr-2022,21.78,14.00,5.00,,Network Management Software
185293-99,Longeviti,01-Jul-2016,19-Jan-2022,66.00,10.00,2.00,Neurotechnology,Therapeutic Devices
225277-48,Loris,06-Feb-2018,26-Apr-2022,60.00,8.00,2.00,,Business/Productivity Software
53840-44,Loverly,15-Jun-2011,15-Sep-2022,24.06,2.82,0.49,,Information Services (B2C)
172898-74,LucidLink,02-Dec-2016,17-May-2022,200.00,6.50,1.50,,Database Software
170221-15,Lumendi,26-Mar-2015,22-Jul-2022,101.06,33.08,14.95,,Surgical Devices
185861-08,Luum,15-Aug-2017,11-Mar-2022,23.20,7.00,2.00,,Other Services (B2C Non-Financial)
114977-53,Lyra,04-Jun-2015,19-Jan-2022,"5,850.00",1.43,1.00,,Other Healthcare Services
155024-20,Lyten,15-Oct-2014,25-Feb-2022,"1,500.00",9.50,1.50,,Electrical Equipment
113782-69,MacroFab,14-Mar-2014,18-Jan-2023,170.00,0.33,0.12,,Business/Productivity Software
107656-84,MAD,30-Jan-2015,01-Nov-2022,150.00,4.50,1.50,Generative AI,Business/Productivity Software
267362-83,Magic Spoon,01-Jan-2018,09-Dec-2022,420.00,4.23,1.23,,Food Products
226716-04,Main Street Data,19-Mar-2018,11-Jul-2022,9.74,17.05,2.05,,Media and Information Services (B2B)
56368-63,Mainspring,21-May-2010,21-Sep-2022,"1,040.00",8.80,2.80,,Energy Production
169345-18,Maisonette,24-May-2018,02-Feb-2022,310.00,37.04,19.54,,Internet Retail
431644-69,Mangomint,28-Apr-2017,19-Dec-2022,50.75,4.50,1.50,,Business/Productivity Software
228214-99,Manufactured,01-Jun-2018,28-Apr-2022,19.40,8.00,3.00,,Business/Productivity Software
56373-76,Masabi,03-Dec-2009,28-Feb-2022,94.94,3.32,0.17,,Financial Software
185447-53,Material (Consumer Durables),14-Aug-2017,06-Jul-2022,23.81,2.40,0.90,,Other Consumer Durables
168524-38,Matillion,25-Nov-2016,15-Jun-2022,"1,103.18",12.96,5.17,,Business/Productivity Software
113302-18,MAX (Media and Information Services B2B),01-Jun-2015,20-Oct-2022,57.00,10.00,3.50,,Media and Information Services (B2B)
180189-19,May Mobility,21-Aug-2017,31-Jan-2022,403.00,1.71,0.12,,Automotive
87017-77,MedAware Systems,27-Feb-2014,21-Sep-2022,18.00,1.80,0.20,,Media and Information Services (B2B)
135509-68,Medely,23-Mar-2017,10-Mar-2022,770.00,17.00,5.00,,Business/Productivity Software
125194-78,Menusifu,24-Mar-2015,27-Jul-2022,144.00,5.80,1.30,,Business/Productivity Software
166100-05,Merci Handy,01-Sep-2016,27-Jun-2022,18.99,13.15,3.36,,Personal Products
169257-52,Merit ( Media and Information Services (B2B)),20-Jan-2017,12-Jan-2022,320.00,12.50,4.30,,Media and Information Services (B2B)
226546-30,Messari,01-May-2018,21-Sep-2022,300.00,4.00,1.00,,Media and Information Services (B2B)
434802-07,MetaMorphoSys,20-Jun-2016,17-Aug-2022,9.96,0.60,0.07,,Business/Productivity Software
89957-62,MeWe,30-Jun-2013,18-Feb-2022,156.39,2.90,0.60,,Social/Platform Software
327345-85,MicroMGx,01-Jan-2017,02-Sep-2022,11.46,1.00,0.15,,Drug Discovery
51699-88,Micronotes,05-Jan-2010,16-Dec-2022,21.53,5.45,0.45,,Business/Productivity Software
59267-98,MICROrganic,05-Sep-2014,23-Mar-2022,17.21,3.88,0.38,,Environmental Services (B2B)
169109-65,MicroVascular Tissues,28-Aug-2014,10-Mar-2023,79.11,7.01,2.01,,Discovery Tools (Healthcare)
228110-95,Miko (AI & Saas Platform),15-Jun-2016,03-Aug-2022,293.53,1.78,0.40,,Electronics (B2C)
155185-48,Mind Foundry,03-Mar-2016,10-Nov-2022,109.38,5.76,1.64,,Business/Productivity Software
223449-22,MindsDB,01-Jan-2018,07-Feb-2023,55.50,2.00,0.10,,Database Software
115521-85,MinIO,17-Jun-2015,25-Jan-2022,"1,003.00",11.00,3.30,,Database Software
150368-05,Minor Figures,16-Feb-2015,30-May-2022,174.66,1.19,0.23,,Beverages
268171-30,Mirvie,01-Jan-2018,22-May-2022,155.00,16.00,5.80,,Diagnostic Equipment
161809-30,Miss Jones Baking Co,01-Jun-2016,08-Nov-2022,23.00,7.50,2.50,,Food Products
108328-51,Miyoko's Creamery,16-May-2014,24-May-2022,219.00,5.33,0.83,,Food Products
172153-72,MJoose,01-Mar-2014,09-Feb-2023,50.02,5.50,2.00,,Electronics (B2C)
52244-02,MNTN,03-Sep-2009,02-Jan-2022,"2,019.00",1.60,0.10,,Media and Information Services (B2B)
170866-72,Model9,01-Jan-2017,25-Apr-2023,40.00,3.15,1.25,,Business/Productivity Software
185283-82,Modern Electron,01-Jan-2016,28-Mar-2023,180.80,27.40,10.40,,Alternative Energy Equipment
184551-04,Modjoul,03-Jul-2017,23-Mar-2022,42.00,1.00,0.25,Industrial Workplace Safety,Electronic Equipment and Instruments
94063-60,MoEngage,01-Jan-2015,19-May-2022,700.00,4.00,0.75,,Business/Productivity Software
234558-01,Mojo Vision,27-Sep-2016,05-Apr-2023,100.40,48.00,21.50,Assistive Tech,Industrial Supplies and Parts
87779-80,MOMO BOARD,31-Aug-2010,01-Jun-2022,31.00,3.50,0.50,,Social/Platform Software
155796-94,Monetary Metals,18-Mar-2016,26-Apr-2022,26.00,1.05,0.05,,Other Financial Services
64315-90,Monterosa,07-Oct-2015,15-Feb-2022,18.01,7.06,1.84,,Media and Information Services (B2B)
140239-63,Mosyle,01-Jan-2015,04-May-2022,662.50,2.10,1.00,,Business/Productivity Software
52982-56,Movable Ink,19-Jul-2011,19-Apr-2022,"1,400.00",3.80,1.30,,Media and Information Services (B2B)
164396-62,Moxie (Other Hardware),01-Jun-2017,30-Nov-2022,144.25,12.79,3.79,Medical Robotics,Other Hardware
178717-33,Mudflap,07-Dec-2016,22-Jun-2022,710.00,1.71,0.12,,Financial Software
234614-80,MUSH (Food Products),26-Nov-2017,09-Sep-2022,93.00,3.00,0.30,,Food Products
435640-60,Must Love,01-Jan-2016,14-Jan-2022,8.00,8.00,1.80,,Food Products
61568-20,MycoTechnology,30-Jul-2015,01-Mar-2022,548.00,24.21,9.21,,Food Products
102748-33,MyWallSt,01-Dec-2013,19-May-2022,23.23,3.59,0.52,,Financial Software
64126-90,N26,01-May-2014,19-Apr-2023,"3,000.00",6.24,2.59,,International Banks
119510-83,Nalu,08-Jul-2015,15-Feb-2022,227.60,26.92,11.92,,Therapeutic Devices
102286-54,NameCoach,01-Jul-2015,17-Nov-2022,46.70,4.00,1.00,,Media and Information Services (B2B)
61948-54,NanoGraf Technologies,18-Apr-2013,26-Jan-2023,108.32,2.91,0.91,,Electrical Equipment
60711-76,Nanotronics,12-Feb-2011,13-May-2022,705.82,9.00,0.50,,Electrical Equipment
171613-36,Narmi,06-Apr-2017,19-May-2022,300.00,2.00,0.12,,Financial Software
174304-90,Narrative,16-Oct-2017,14-Jul-2022,42.28,7.52,2.52,,Business/Productivity Software
97489-54,Natel Energy,17-Jun-2009,26-Apr-2023,83.00,1.18,0.38,,Alternative Energy Equipment
60156-28,Natrox,08-Apr-2005,16-Dec-2022,72.23,0.77,0.19,,Therapeutic Devices
112950-64,Navan,07-May-2015,12-Oct-2022,"9,200.00",14.50,4.50,,Business/Productivity Software
55597-42,NCTech,29-Feb-2012,06-Jul-2022,19.80,3.16,1.26,,Electrical Equipment
166231-72,Neurofenix,15-Jun-2016,27-Jul-2022,17.45,0.18,0.03,,Therapeutic Devices
99189-55,Neurolens,04-Nov-2014,01-Sep-2022,202.64,5.00,1.00,,Diagnostic Equipment
123924-52,New York Shipping Exchange,10-Sep-2015,14-Sep-2022,167.00,2.51,0.51,,Business/Productivity Software
185987-80,Newfront,24-Jul-2017,12-Apr-2022,"2,200.00",44.00,9.00,,Insurance Brokers
149131-00,Next Big Idea Club,01-Dec-2015,21-Oct-2022,10.98,8.51,2.51,,Publishing
154079-29,Nexus (Entertainment Software),31-Dec-2015,15-Nov-2022,24.07,1.25,0.15,,Entertainment Software
264903-49,Nexxiot,31-Aug-2015,07-Jun-2022,373.06,5.07,0.93,,Electronic Equipment and Instruments
170226-01,nference,10-Jan-2016,04-Nov-2022,863.74,9.00,3.00,,Enterprise Systems (Healthcare)
229624-84,Nice Healthcare,01-May-2018,10-Mar-2022,150.00,1.30,1.10,,Clinics/Outpatient Services
229035-52,NICKLpass,13-Apr-2018,28-Jul-2022,21.00,4.72,1.22,,Business/Productivity Software
180329-50,Nimbus Engineering,23-Jan-2018,28-Mar-2022,50.34,11.50,0.28,,Electrical Equipment
227008-36,Nivoda,22-Mar-2018,28-Oct-2022,41.22,2.93,0.52,,Media and Information Services (B2B)
121574-17,Nixplay,30-Jul-2010,24-Mar-2023,39.38,1.83,0.28,,Electronics (B2C)
155471-59,Noodle.ai,14-Mar-2016,02-May-2022,255.00,26.00,16.00,,Business/Productivity Software
161707-78,Notable Systems,31-Aug-2015,25-Jul-2022,10.50,1.67,0.67,,Enterprise Systems (Healthcare)
124659-01,Noveon,24-Sep-2015,10-May-2023,300.00,49.14,25.00,,Iron and Steel Mining
121712-41,Novoloop,06-May-2015,08-Apr-2022,61.70,1.25,0.10,,Plastic Containers and Packaging
182150-56,Novolyze,05-Jun-2015,19-Oct-2022,9.99,5.22,2.01,,IT Consulting and Outsourcing
110529-91,Nuclera,01-May-2014,06-Jul-2022,154.50,4.19,0.84,,Biotechnology
234939-43,Nutcracker Therapeutics,17-May-2018,14-Mar-2022,967.00,5.20,4.00,,Biotechnology
267553-81,Nuvocargo,01-Jan-2018,01-Jul-2022,180.00,1.71,0.12,,Logistics
226886-59,Observe.AI,19-Mar-2018,12-Apr-2022,825.00,1.71,0.12,Generative AI,Business/Productivity Software
181981-00,Obsidian (Network Management Software),08-Jun-2017,14-Apr-2022,500.00,27.00,9.50,,Network Management Software
98785-72,Ocean Aero,01-Jul-2014,30-Sep-2022,80.00,8.68,2.18,Ocean Data Collection,Marine
178460-74,Ocrolus,22-Feb-2016,15-Feb-2023,510.46,17.45,3.30,,Financial Software
98313-58,OhMD,22-Sep-2014,22-Feb-2022,12.62,0.33,0.02,,Other Healthcare Technology Systems
93764-80,Omaze,23-Jul-2012,01-Jan-2022,935.00,4.47,1.00,,Financial Software
168766-93,Ombre,07-Dec-2016,15-Feb-2022,29.81,1.35,0.45,,Diagnostic Equipment
56242-81,Omio,23-Jan-2014,13-May-2022,928.41,8.50,4.00,,"Other Restaurants, Hotels and Leisure"
172321-84,Omnidian,15-Nov-2017,22-Sep-2022,140.00,12.00,5.40,,Business/Productivity Software
170314-75,OmniTier,26-Aug-2015,28-Jul-2022,53.94,28.00,3.00,,Other Healthcare Technology Systems
228289-33,OnePointOne,20-Dec-2017,01-Dec-2022,205.50,7.00,0.50,Indoor Farming,Cultivation
87107-59,OnePulse,27-Oct-2015,31-Mar-2022,34.92,6.91,1.75,,Business/Productivity Software
159896-98,OneSkin,14-Mar-2016,26-Oct-2022,47.41,0.63,0.20,,Personal Products
125555-77,Onkos Surgical,06-Oct-2015,16-Jun-2022,122.50,17.20,15.30,,Surgical Devices
223051-51,Onymos,11-Dec-2017,14-Jun-2022,55.00,6.00,1.15,,Software Development Applications
51493-24,OpenGamma,01-Aug-2009,01-Feb-2022,179.00,32.16,2.16,,Financial Software
154270-90,Opkey,14-Dec-2015,01-Mar-2022,30.00,3.50,1.00,,Business/Productivity Software
96512-86,Optalysys,27-Mar-2014,04-Feb-2022,59.33,1.85,0.69,,Application Specific Semiconductors
399212-29,Ori Biotech,29-Nov-2016,07-Jan-2022,228.81,0.81,0.19,,Other Healthcare Technology Systems
90809-02,Oro,03-Mar-2016,19-Jan-2023,65.00,40.00,12.00,,Business/Productivity Software
433073-53,Orpheus Cyber,14-Apr-2017,16-Sep-2022,13.85,3.99,0.19,,Network Management Software
56436-22,Oscilla Power,03-Nov-2011,30-Aug-2022,20.63,19.66,1.66,Renewable Ocean Energy,Alternative Energy Equipment
114849-37,Otomo,30-Dec-2016,16-Jan-2022,10.80,10.22,0.22,,Financial Software
110783-26,Oura,27-Apr-2015,28-Apr-2022,"2,550.00",5.54,2.30,Sleep Tech,Electronics (B2C)
65025-19,OvationCXM,21-Nov-2014,01-Jul-2022,100.00,9.44,3.04,,Business/Productivity Software
169714-63,Overcast HQ,30-Dec-2016,30-Dec-2022,9.25,1.02,0.17,,Multimedia and Design Software
157480-03,Overhaul,28-Dec-2017,15-Feb-2023,373.43,20.13,5.13,,Business/Productivity Software
170194-51,Overtime,01-Feb-2017,02-Aug-2022,600.00,7.50,2.50,,"Broadcasting, Radio and Television"
118990-00,Owl Labs,10-Jun-2015,04-May-2022,200.00,10.20,1.30,,Electronics (B2C)
158966-38,Owlytics Healthcare,19-Sep-2016,30-Sep-2022,28.00,4.85,1.66,,Monitoring Equipment
58964-68,Paddle,24-Oct-2013,28-Apr-2022,"1,477.56",0.80,0.16,,Financial Software
64017-28,Pager (Clinics/Outpatient Service),01-May-2014,01-Sep-2022,262.00,12.68,4.44,,Clinics/Outpatient Services
221799-16,Paige,05-Feb-2018,16-Mar-2023,650.00,47.00,25.00,"AI-powered Drug Discovery, Generative AI",Decision/Risk Analysis
57982-60,Pairin,29-May-2013,01-Feb-2023,22.94,5.00,1.40,,Human Capital Services
186795-64,Paladin Cyber,01-Jan-2017,30-Jan-2023,32.00,1.71,0.12,,Network Management Software
509860-90,Paracrine Therapeutics,11-Apr-2017,07-Jan-2023,71.92,51.38,2.54,,Drug Discovery
224404-66,Parcelly,31-Aug-2015,29-Mar-2022,19.73,1.71,0.23,,Logistics
166300-75,Particella,01-Jun-2016,01-Apr-2022,21.08,0.25,0.01,,Drug Discovery
303873-85,Partnerslate,31-Aug-2017,31-Oct-2022,12.00,1.00,0.10,,Media and Information Services (B2B)
187588-63,PartnerTap,04-Oct-2017,04-Apr-2023,50.30,3.10,0.90,,Business/Productivity Software
170155-09,PassionFlix,03-Nov-2017,29-Aug-2022,43.41,20.75,4.75,,"Movies, Music and Entertainment"
57292-03,PathoQuest,11-Mar-2011,04-Apr-2023,23.00,2.42,2.75,,Biotechnology
227334-97,Pattern (Biotechnology),02-Apr-2018,28-Apr-2023,90.00,4.75,3.75,,Biotechnology
57987-28,Pax8,12-Jan-2012,11-Apr-2022,"1,700.00",5.00,0.52,,Business/Productivity Software
443013-40,Paytia,01-Mar-2017,11-May-2022,10.26,0.75,0.12,,Financial Software
267781-60,Paytient,27-Apr-2018,10-Jan-2023,143.00,0.40,0.05,,Financial Software
58422-97,Peaxy,01-May-2014,30-Jan-2023,67.10,27.60,15.60,,Business/Productivity Software
61645-06,Pepperdata,13-Nov-2012,10-Feb-2022,57.12,8.18,2.05,,Business/Productivity Software
135956-26,Petit Pot,23-Nov-2015,31-Jan-2022,21.50,2.70,0.20,,Food Products
227187-64,Phantom AI,30-Oct-2017,09-Mar-2023,196.84,22.26,5.26,,Automotive
149081-05,Pheon Therapeutics,19-Oct-2015,14-Mar-2022,83.36,5.93,3.53,,Drug Discovery
52562-80,Phizzle,27-Jul-2011,16-Mar-2023,78.43,7.00,3.00,,Electronic Equipment and Instruments
51622-30,Phononic,31-Mar-2009,14-Oct-2022,607.00,2.58,2.08,,Application Specific Semiconductors
60048-82,Phraxis,21-Dec-2012,17-May-2022,38.50,10.85,2.35,,Therapeutic Devices
12041-56,Picarro,14-Jun-2002,02-Mar-2022,116.35,54.32,22.00,,Electronic Equipment and Instruments
169527-07,Picnic (Machinery (B2B)),05-Jan-2017,10-Nov-2022,58.79,5.50,1.50,Food Service Robots & Machines,Machinery (B2B)
65842-57,PicnicHealth,19-Aug-2014,18-Apr-2022,410.00,1.71,0.12,,Medical Records Systems
439529-23,Pine Park Health,01-Jan-2018,24-Jan-2022,171.90,1.71,0.12,,Elder and Disabled Care
168506-56,Pique (Beverages),12-Sep-2016,01-Mar-2022,8.00,5.00,1.00,,Beverages
109925-65,PittMoss,16-Feb-2015,07-Jun-2022,7.75,3.70,1.50,,Other Agriculture
224537-68,Planetarians,17-Jul-2017,16-Feb-2023,32.00,2.00,0.12,,Food Products
179124-13,PlanSight,15-Mar-2017,16-Feb-2023,20.87,1.50,0.25,,Business/Productivity Software
161805-61,Plant Prefab,31-Mar-2016,03-Dec-2022,187.00,9.44,3.44,Modular Construction,Construction and Engineering
54473-86,Plastiq,07-May-2012,04-Aug-2022,480.00,4.62,2.35,,Financial Software
223823-44,Platform Science,21-Dec-2017,14-Apr-2023,800.00,19.65,4.06,,Business/Productivity Software
120177-91,Platform.sh,30-Nov-2010,20-Jun-2022,349.38,3.72,0.99,,Software Development Applications
65888-02,Platform9,12-Aug-2014,14-Jun-2022,245.08,15.87,4.50,,Business/Productivity Software
60306-04,Playrcart,14-Nov-2013,07-Jul-2022,17.88,2.13,0.28,,Media and Information Services (B2B)
163578-61,Plenty,28-Jun-2016,25-Jan-2022,"1,425.00",49.60,26.00,Indoor Farming,Cultivation
226288-90,Pliops,01-Oct-2017,17-Aug-2022,653.52,18.18,10.00,,Application Specific Semiconductors
183032-02,Plus One Robotics,22-May-2018,17-Jan-2023,170.00,9.35,2.35,Warehouse Management Tech,Business/Productivity Software
110137-96,Point (Financial Services),20-Jan-2015,03-May-2022,565.00,12.00,3.00,,Other Financial Services
227931-58,PolySign,11-Jan-2018,18-Mar-2022,502.87,19.29,4.29,,Financial Software
90649-81,Poplar (Real Estate Services (B2C)),04-Jun-2015,04-Nov-2022,92.12,2.47,0.47,,Real Estate Services (B2C)
153882-46,Pops Diabetes Care,13-Jan-2017,27-Jul-2022,17.98,9.34,1.74,,Monitoring Equipment
98048-62,Portal Instruments,15-Feb-2013,11-Mar-2022,143.00,0.12,0.01,,Other Devices and Supplies
185329-18,Portrait,01-Jan-2017,01-May-2022,108.60,65.00,15.00,,Clinics/Outpatient Services
110133-10,Position Imaging,15-Apr-2015,01-Jul-2022,60.00,10.00,2.50,,Other Hardware
117660-16,PowerToFly,01-Jul-2014,19-Sep-2022,99.00,3.50,1.00,,Human Capital Services
339918-58,Precise Bio,07-Sep-2017,18-Jul-2022,55.53,75.00,10.00,,Biotechnology
181313-20,Prelim,22-Aug-2017,18-Mar-2022,18.00,1.71,0.12,,Financial Software
54081-55,PreludeDx,27-Jul-2011,15-Feb-2022,109.28,5.85,2.05,,Diagnostic Equipment
265483-72,Premier Lacrosse League,28-Feb-2018,21-Jul-2022,380.00,26.40,4.40,,Leisure Facilities
183386-08,Prenda,10-Jul-2017,07-Nov-2022,118.75,1.06,0.06,Income Share Agreements (ISA) Education,Educational and Training Services (B2C)
59922-19,Prevedere,30-Jun-2015,07-Jan-2022,135.00,16.65,7.65,,Business/Productivity Software
113754-16,Prevencio,30-Dec-2013,16-Mar-2022,31.38,10.00,2.00,,Biotechnology
47662-48,Prieto Battery,09-Mar-2010,27-Feb-2023,22.00,2.90,0.90,,Electrical Equipment
168354-37,Prime Lightworks,01-Jan-2016,12-Apr-2023,19.64,1.71,0.12,,Electrical Equipment
224329-96,Prime Roots,10-Jan-2018,19-Dec-2022,107.79,2.50,0.20,,Food Products
119496-34,Primo Energy,08-Sep-2017,08-Feb-2022,25.05,4.50,0.05,,Alternative Energy Equipment
118263-07,Productboard,19-Oct-2016,26-Jan-2022,"1,720.00",4.68,1.70,,Business/Productivity Software
157751-47,Professional Fighters League,06-Jan-2017,26-Apr-2022,500.00,40.00,25.00,,"Other Restaurants, Hotels and Leisure"
53390-17,Prognos Health,23-Nov-2011,04-May-2023,32.00,21.73,7.73,,Enterprise Systems (Healthcare)
106754-14,Prompt.io,29-Dec-2014,22-Sep-2022,25.00,7.30,2.30,,Business/Productivity Software
222367-78,Proof Technology,01-Nov-2017,15-Dec-2022,73.25,1.11,0.11,,Business/Productivity Software
435276-55,Provar,04-Nov-2014,11-Feb-2022,35.24,0.30,0.09,,Software Development Applications
224495-47,Provisio Medical,17-May-2017,05-Apr-2023,57.52,3.30,1.30,,Decision/Risk Analysis
113130-28,Proxim Diagnostics,10-Nov-2010,21-Mar-2023,93.00,2.05,0.92,,Diagnostic Equipment
233487-46,Pupil,21-Oct-2016,06-May-2022,130.29,12.12,2.19,,Multimedia and Design Software
53501-95,Pursuant Health,06-Apr-2009,23-May-2022,87.59,5.60,2.80,,Other Healthcare Technology Systems
185192-38,Pyka,21-Aug-2017,26-Apr-2022,112.00,1.79,0.13,Autonomous Flight,Aerospace and Defense
167310-73,QiO Technologies,16-Jun-2015,23-Dec-2022,30.00,6.82,3.88,Digital Twins,Business/Productivity Software
54346-60,Qnovo,01-Jan-2009,11-Jan-2022,104.00,3.60,1.10,,Business/Productivity Software
228945-34,Qritive,17-Jan-2018,19-Jul-2022,28.25,0.70,0.06,,Other Healthcare Technology Systems
186688-81,QT Medical,05-Aug-2015,06-Jan-2023,38.00,3.12,1.12,,Monitoring Equipment
226723-60,Quadric.io,28-Mar-2017,15-Dec-2022,131.00,6.25,2.25,,"Computers, Parts and Peripherals"
53488-09,Quantifind,14-Oct-2009,01-Mar-2023,145.00,2.75,0.75,,Financial Software
222320-44,Quantstamp,20-Mar-2018,01-Apr-2022,"1,100.00",1.71,0.12,,Network Management Software
164274-58,Quiq,14-Aug-2016,21-Mar-2022,165.00,21.00,6.00,,Communication Software
179852-05,Qwiet AI,11-Oct-2017,03-May-2022,113.00,22.20,9.30,,Network Management Software
168708-43,Radar (Software Development Applications),07-Jun-2016,08-Feb-2022,365.00,2.50,0.50,Pandemic Travel,Software Development Applications
227627-29,Rael,15-May-2018,31-Mar-2022,295.00,14.03,2.81,,Personal Products
227001-25,Rain Neuromorphics,18-May-2018,10-Jan-2022,115.00,14.50,2.00,,Other Hardware
110393-29,Razorpay,24-Mar-2015,17-Oct-2022,"7,800.00",1.71,0.12,,Financial Software
122349-07,Reach,18-Aug-2015,02-Dec-2022,150.00,1.71,0.12,,Other Energy Services
225696-70,Ready4K,27-Jan-2018,01-Feb-2022,10.65,6.15,2.65,,Educational Software
493372-18,Rebill,01-Feb-2018,22-Feb-2022,6.67,3.00,0.02,,Financial Software
93058-03,Recess (Media and Information Services),23-Feb-2016,09-Nov-2022,24.00,3.36,1.16,,Media and Information Services (B2B)
169803-55,Recurve,24-Feb-2017,17-Mar-2022,70.53,8.00,1.56,,Business/Productivity Software
120299-41,Red Sift,25-Oct-2016,28-Jan-2022,142.04,4.86,2.19,,Network Management Software
181763-65,Redaptive,11-Feb-2015,03-May-2023,"1,000.00",20.00,5.00,,Other Energy Services
56486-35,RefleXion Medical,20-Mar-2014,01-Mar-2022,750.00,18.79,11.60,,Biotechnology
52902-91,Regent Education,07-Sep-2006,19-May-2022,20.00,6.74,3.64,,Financial Software
225808-75,Religion of Sports,24-Apr-2018,30-May-2022,140.00,8.00,3.00,,"Movies, Music and Entertainment"
171054-01,RemoteRetail,01-May-2015,20-Apr-2023,37.50,4.80,1.80,,Business/Productivity Software
229787-65,RenoFi,22-May-2018,04-Apr-2022,76.00,5.00,0.75,,Financial Software
226586-17,Replan (Business/Productivity Software),10-Dec-2015,30-Jun-2022,15.05,6.93,0.88,,Business/Productivity Software
113831-02,Replit,19-Mar-2018,25-Apr-2023,"1,160.00",1.71,0.12,"AI-powered Code Completion, Generative AI",Software Development Applications
152413-84,ResoluteAI,18-Sep-2017,17-Oct-2022,11.55,12.56,4.56,,Business/Productivity Software
233310-25,ResortPass,01-Apr-2018,10-Nov-2022,91.00,3.60,0.60,,"Other Restaurants, Hotels and Leisure"
56077-21,Reveleer,26-Jan-2013,21-Feb-2023,224.40,3.90,2.80,,Enterprise Systems (Healthcare)
277397-47,RevLifter,01-Mar-2018,21-Mar-2022,34.20,3.32,0.44,,Business/Productivity Software
125506-45,Revolo Biotherapeutics,17-Dec-2014,30-Jun-2022,158.64,15.04,0.94,,Drug Discovery
181330-21,Rhino (Property and Casualty Insurance),27-Jun-2017,24-Jan-2022,668.07,6.34,1.94,Security Deposit Alternatives,Property and Casualty Insurance
161205-49,Rhyme (Healthcare Technology Systems),14-Jun-2016,04-Feb-2022,97.00,8.60,1.60,,Other Healthcare Technology Systems
149803-57,Ribon Therapeutics,10-Oct-2017,22-Dec-2022,235.00,57.49,43.50,,Drug Discovery
438581-98,Ripple (Beverages),02-Feb-2017,06-Sep-2022,41.16,6.93,0.93,,Beverages
168588-01,RippleMatch,12-May-2017,04-May-2022,210.00,4.75,1.75,,Human Capital Services
168829-39,Riptide,17-Nov-2016,31-Jul-2022,11.40,1.71,0.10,,Communication Software
158792-77,Ritual (Healthcare),15-Jul-2016,17-Aug-2022,270.00,9.76,4.76,,Pharmaceuticals
182789-74,Rivery,01-Jan-2017,24-May-2022,106.83,11.00,5.00,,Database Software
267317-56,Rivet Health,01-Jan-2018,21-Jun-2022,96.50,12.25,2.75,,Other Healthcare Technology Systems
437004-46,Rizzle,06-Mar-2018,14-Mar-2023,80.50,9.00,1.00,,Social/Platform Software
181114-30,Ro,31-Oct-2017,13-Jan-2022,"6,600.00",13.50,3.10,,Clinics/Outpatient Services
64319-05,RoadRunner (Environmental Services (B2B)),19-Jun-2014,15-Nov-2022,"1,070.00",4.20,1.70,Smart Waste Management,Environmental Services (B2B)
64707-58,Robin.,05-Jun-2015,14-Jul-2022,330.00,9.30,4.35,,Business/Productivity Software
114628-06,Roofstock,01-May-2015,10-Mar-2022,"1,900.00",17.85,6.25,Real Estate Crowdfunding,Real Estate Services (B2C)
231484-69,Rootine,01-Feb-2018,13-Sep-2022,40.00,0.33,0.02,,Food Products
168965-20,Runa Network,31-Oct-2016,15-Nov-2022,92.85,2.40,0.43,,Business/Productivity Software
226107-91,SafetyWing,01-Jan-2018,31-Mar-2022,192.00,1.71,0.12,Pandemic Travel,Life and Health Insurance
58998-25,Salsify,12-Sep-2013,13-Sep-2022,"2,000.00",21.56,8.00,,Business/Productivity Software
150445-54,Salt Security,22-Mar-2016,10-Feb-2022,"1,400.00",1.71,0.12,,Network Management Software
151199-83,Sapience Therapeutics,12-Jul-2016,31-May-2022,296.00,38.25,22.50,,Drug Discovery
150729-04,Satelles,29-Jul-2008,06-Feb-2023,164.50,1.10,0.35,Resilient PNT,Network Management Software
58046-95,SciAps,25-Nov-2013,03-May-2023,81.00,30.00,6.90,,Electronic Equipment and Instruments
86636-17,Scipher Medicine,06-Nov-2016,24-Feb-2022,490.00,3.82,0.58,,Decision/Risk Analysis
119685-70,Scoop (Business/Productivity Software),02-Mar-2015,17-Nov-2022,24.75,8.00,2.10,,Business/Productivity Software
232964-29,Scoot (Business/Productivity Software),10-Apr-2018,16-Dec-2022,24.50,16.50,0.87,,Business/Productivity Software
52967-80,Scopely,19-Sep-2012,06-Apr-2023,"4,900.00",40.50,8.50,,Entertainment Software
181338-31,Scopio Labs,08-Aug-2015,01-Aug-2022,167.44,5.49,1.40,,Diagnostic Equipment
183708-37,Scotch Porter,14-Jul-2017,13-Apr-2023,46.50,6.00,1.40,,Personal Products
160955-20,ScriptDrop,19-May-2016,21-Feb-2022,100.00,2.00,0.15,,Other Healthcare Technology Systems
229810-15,Scythe Robotics,18-Apr-2018,16-Dec-2022,102.00,2.75,0.75,,Other Hardware
172671-76,Seclab,12-Mar-2015,04-Jan-2023,7.82,4.69,1.41,,Network Management Software
277861-06,Seed-X,01-Jan-2018,09-Jun-2022,50.00,16.50,5.50,,Electronic Equipment and Instruments
168010-03,SeekOut,28-Oct-2016,12-Jan-2022,"1,200.00",7.20,2.20,,Human Capital Services
433872-82,Sensate,20-Oct-2016,01-Jul-2022,18.04,2.09,0.22,,Therapeutic Devices
57285-73,Sense (Electronics (B2C)),03-Jun-2013,14-Sep-2022,390.00,6.50,1.50,,Electronics (B2C)
155750-14,Sensydia,16-Mar-2016,09-May-2023,40.00,6.94,2.00,,Monitoring Equipment
119461-87,Sentry ( Software Development Applications),22-Jul-2015,04-May-2022,"3,190.00",6.53,1.50,,Software Development Applications
113141-62,Senzo,15-May-2015,12-Dec-2022,17.00,3.05,0.05,,Diagnostic Equipment
170495-29,Sepio,03-Jun-2016,25-Oct-2022,49.78,4.90,2.00,IoT Security,Network Management Software
156595-69,Servify,31-Jan-2016,21-Apr-2022,109.88,4.55,0.54,,Business/Productivity Software
42710-14,SetPoint Medical,06-May-2007,18-Jan-2023,260.00,12.50,5.50,,Therapeutic Devices
154284-94,Seurat,22-Nov-2016,19-Jan-2022,212.00,12.61,3.41,,Printing Services (B2B)
163365-49,SHARE Mobility,27-Jul-2016,21-Jun-2022,35.00,1.00,0.08,,Automotive
168327-10,Sharegain,21-Dec-2015,15-Feb-2022,191.82,3.07,0.23,,Financial Software
168339-61,ShearShare,19-Aug-2016,25-May-2022,12.30,1.71,0.12,,Business/Productivity Software
470496-52,Sherpr,07-Oct-2017,24-Feb-2023,13.07,1.44,0.10,,Other Services (B2C Non-Financial)
179672-14,ShiftMed,17-Jul-2015,04-Jan-2022,856.62,11.81,1.81,,Practice Management (Healthcare)
343350-91,Shipshape Urban Farms,01-Nov-2017,23-Sep-2022,2.00,2.00,0.20,Indoor Farming,Cultivation
233897-14,Shopblocks,02-Oct-2012,21-Jan-2022,6.85,0.16,0.03,,Internet Software
117829-63,Shopic,01-Nov-2015,22-Jun-2022,131.66,2.52,0.81,,Business/Productivity Software
56936-35,Shopventory,13-May-2013,29-Aug-2022,16.00,0.33,0.02,,Business/Productivity Software
166675-96,Shyft,06-May-2016,15-Sep-2022,95.00,0.90,0.30,,Logistics
151331-77,SiFive,03-Sep-2015,24-Jan-2022,"2,500.00",13.46,5.06,,Application Specific Semiconductors
235812-16,SiLC,01-Apr-2018,14-Oct-2022,98.50,10.00,2.00,"Lidar, Silicon Photonics",Electronic Equipment and Instruments
186662-35,Silvur,25-Sep-2017,27-Apr-2022,16.00,6.25,1.25,,Financial Software
100326-79,Sime Diagnostics,04-Apr-2014,15-Mar-2022,17.66,3.23,0.12,,Diagnostic Equipment
303609-16,SimplyAgree,30-Aug-2017,08-Mar-2023,31.85,1.38,0.38,,Business/Productivity Software
117692-92,Simpplr,24-Aug-2016,30-Mar-2023,550.00,20.34,6.00,,Business/Productivity Software
93436-03,Singletrack (Financial Software),04-Dec-2011,27-Jun-2022,7.85,7.39,0.79,,Financial Software
168125-68,SinnovaTek,07-Nov-2016,28-Nov-2022,36.60,0.30,0.10,,Electrical Equipment
171243-19,Sitetracker,11-Jul-2017,16-Sep-2022,386.49,44.00,11.00,,Business/Productivity Software
52662-25,Skillshare,26-Jan-2011,04-Nov-2022,338.40,2.55,0.55,,Educational Software
137794-24,Skin Inc,09-Mar-2017,05-Oct-2022,51.34,34.63,3.40,,Personal Products
107147-08,Skydio,15-Jan-2015,06-Mar-2023,"2,250.00",10.00,3.00,,Other Hardware
266267-44,Skyports,05-Apr-2018,02-Aug-2022,84.10,9.32,3.29,,Other Commercial Services
102815-56,Slant,30-Apr-2015,02-Aug-2022,70.00,10.00,2.25,,Information Services (B2C)
186603-85,Slingshot (Biotechnology),10-Oct-2014,06-Feb-2023,115.00,1.15,0.15,,Biotechnology
181597-51,Slingshot Aerospace,17-Jul-2017,06-Dec-2022,189.75,0.33,0.12,,Media and Information Services (B2B)
93815-29,Smartcar,18-Dec-2014,13-Jan-2022,97.00,6.00,2.00,,Automotive
89664-85,Smartology,23-Dec-2010,29-Sep-2022,11.27,1.13,0.41,,Media and Information Services (B2B)
170398-63,Smile Identity,08-Feb-2017,15-Feb-2023,77.81,2.50,0.15,,Business/Productivity Software
169627-60,SmithRx,31-Mar-2017,02-Feb-2022,97.16,9.00,3.00,,Enterprise Systems (Healthcare)
161796-97,Snappr,23-Jun-2016,11-May-2022,168.00,5.50,0.50,,Other Services (B2C Non-Financial)
266422-42,Sofar (Electronic Equipment and Instruments),13-Oct-2016,10-Aug-2022,149.35,2.25,0.45,Ocean Data Collection,Electronic Equipment and Instruments
184534-48,Sofy (Software Development Applications),08-Aug-2017,03-Aug-2022,22.75,2.50,0.15,,Software Development Applications
168668-92,Solugen,01-Jun-2016,26-Jul-2022,"2,175.00",1.71,0.12,,Multi-line Chemicals
180203-77,Somatus,04-May-2017,23-Feb-2022,"2,560.00",30.00,5.00,,Clinics/Outpatient Services
169291-45,Somrus,19-Oct-2017,27-Mar-2023,152.00,16.60,3.60,,Beverages
85438-63,Soundbites,06-Jun-2011,01-Mar-2023,25.00,3.78,0.28,,Therapeutic Devices
130624-12,SourceDay,12-Nov-2015,09-Feb-2022,181.58,2.25,0.75,,Business/Productivity Software
50889-61,Sovrn,15-Mar-2006,26-Jul-2022,275.58,4.48,2.20,,Media and Information Services (B2B)
322552-18,Sozie,10-Jul-2017,05-Jan-2022,5.00,1.28,0.19,,Business/Productivity Software
438760-63,Space Technology Holdings,06-Feb-2017,25-Aug-2022,24.75,2.35,0.10,,Other Financial Services
98209-63,SparkCognition,07-Aug-2013,25-Jan-2022,"1,350.00",2.53,0.38,,Business/Productivity Software
104406-22,Sparkfund,01-Dec-2014,24-Feb-2023,112.00,19.90,6.90,,Business/Productivity Software
145239-85,SparkMeter,30-Apr-2015,08-Mar-2022,40.00,5.16,1.16,,Electronic Equipment and Instruments
170075-44,Sparta Science,29-Jan-2017,14-Sep-2022,38.00,7.70,3.39,,Other Healthcare Technology Systems
58160-98,SpiderOak,26-Jul-2013,12-Jan-2023,63.50,7.50,2.00,,Network Management Software
92404-45,Spin Technology,08-Sep-2017,09-Aug-2022,55.00,1.20,0.50,,Network Management Software
118580-32,SpinLaunch,05-Mar-2015,01-Sep-2022,171.12,13.90,3.90,Small Satellites,Aerospace and Defense
234370-90,Spinview,10-Apr-2018,12-Jul-2022,18.72,12.47,1.91,,Multimedia and Design Software
266580-01,SportScientia,01-Jan-2018,04-Mar-2023,12.74,1.10,0.28,,Other Healthcare Technology Systems
224067-43,Spotlight Therapeutics,02-Jan-2018,04-Jan-2022,186.50,15.77,7.27,CRISPR Diagnostics,Drug Discovery
300299-23,Spotter,15-Jan-2015,16-Feb-2022,"1,700.00",42.80,17.80,,Specialized Finance
169687-36,Square Roots,11-Sep-2017,07-Apr-2022,190.49,18.14,5.64,,Other Agriculture
151004-44,Staffbase,05-Nov-2015,15-Mar-2022,"1,000.00",1.50,0.50,,Business/Productivity Software
157756-69,SteadyMD,19-Mar-2018,08-Jul-2022,240.00,6.00,2.50,,Clinics/Outpatient Services
62866-99,Stellaris,06-Dec-2007,21-Feb-2023,24.91,12.34,6.00,,Alternative Energy Equipment
112022-47,Stem Disintermedia,26-Apr-2016,14-Jan-2022,90.00,11.25,4.50,,Financial Software
150441-40,Stimdia Medical,21-Dec-2015,15-Jun-2022,41.13,3.40,1.90,,Other Devices and Supplies
155883-43,Story Terrace,06-Oct-2016,01-Jul-2022,12.41,2.55,0.65,,Media and Information Services (B2B)
265987-72,StoryFit,04-Feb-2016,12-Sep-2022,18.00,1.67,0.10,,Business/Productivity Software
125878-06,StradVision,18-Aug-2017,18-May-2022,311.46,24.68,2.66,,Automotive
226335-52,Strangeworks,18-May-2018,21-Mar-2023,124.00,14.00,4.00,Quantum Computing,Business/Productivity Software
103100-59,Stratifyd,18-Mar-2015,07-Sep-2022,50.00,6.00,1.00,,Business/Productivity Software
111652-03,Strivr (Educational Software),14-Dec-2016,23-Feb-2022,180.00,25.00,5.00,,Educational Software
250238-98,Strozzi Institute,05-Jan-2018,01-Feb-2023,1.63,1.00,0.15,,Education and Training Services (B2B)
151181-29,Subchondral Solutions,01-Jul-2015,18-Apr-2022,25.00,3.20,0.80,,Therapeutic Devices
436406-77,Sullivan's Brewing Company,27-Nov-2016,15-Jul-2022,12.43,4.70,3.41,,Beverages
121792-96,Summus,01-Jan-2018,28-Jan-2022,215.00,7.28,2.28,,Clinics/Outpatient Services
54440-38,Suneva Medical,27-Apr-2009,12-Jan-2022,511.00,32.75,25.00,,Other Pharmaceuticals and Biotechnology
64021-96,Sunverge,21-Dec-2011,25-Feb-2022,35.29,12.05,2.05,,Other Equipment
226107-64,Super App,19-Mar-2018,21-Apr-2022,490.54,1.71,0.12,,Media and Information Services (B2B)
96779-35,SuperBetter,15-Sep-2015,22-Dec-2022,8.10,4.17,0.17,,Other Services (B2C Non-Financial)
60020-83,Superpedestrian,20-Dec-2012,01-Feb-2022,586.15,11.37,2.10,,Automotive
118397-08,SuperPhone,07-Mar-2016,21-Apr-2023,30.32,6.50,1.50,,Business/Productivity Software
150516-91,Superside,23-Mar-2016,01-Jan-2022,530.00,1.71,0.12,,Media and Information Services (B2B)
156109-15,Supira Medical,08-Jun-2012,25-Feb-2022,200.00,2.00,0.50,,Therapeutic Devices
63262-99,Survios,19-May-2014,03-Jan-2023,200.00,14.20,4.20,,Entertainment Software
171433-72,SweepBright,29-Feb-2016,10-Oct-2022,9.34,0.92,0.55,,Business/Productivity Software
61697-44,Swift Shift,15-Oct-2012,23-Mar-2022,15.70,1.09,0.40,,Practice Management (Healthcare)
228874-51,Swiftly,17-Jan-2018,31-Aug-2022,"1,000.00",8.80,2.20,,Business/Productivity Software
157837-24,Swyft(Business/Productivity Software),22-Apr-2016,19-Dec-2022,50.00,9.50,3.50,,Business/Productivity Software
52338-43,Syncbak,07-Apr-2010,12-Aug-2022,275.00,8.81,1.31,,"Broadcasting, Radio and Television"
169464-52,Syzygy Plasmonics,01-Mar-2018,16-Nov-2022,246.69,3.60,0.90,,Alternative Energy Equipment
125574-22,T-REX (Financial Services),07-Jan-2014,09-Jan-2022,140.00,10.20,4.20,,Financial Software
58352-95,T3D Therapeutics,20-Jun-2013,03-Sep-2022,67.00,1.94,0.44,,Drug Discovery
221586-13,Tablecloth,19-Oct-2017,01-Jun-2022,12.39,1.15,0.15,,Media and Information Services (B2B)
58679-20,Tagboard,01-Jan-2013,30-Nov-2022,40.50,12.00,2.00,,Multimedia and Design Software
179648-56,Tailwind Imaging,17-Nov-2017,24-Mar-2023,7.00,1.50,0.38,,Other Commercial Services
102454-57,Talam Biotech,24-Oct-2013,09-Jun-2022,7.22,0.55,0.07,,Multi-line Chemicals
492935-32,Tallarna,28-Feb-2017,22-Nov-2022,11.58,0.86,,,Environmental Services (B2B)
159415-03,Tally,05-Jun-2015,30-Sep-2022,855.00,9.00,2.00,,Financial Software
60257-71,Tarana,01-Mar-2011,23-Mar-2022,"1,000.00",29.14,9.14,,Wireless Communications Equipment
228555-73,Tattle,01-Jun-2018,22-Feb-2022,36.00,6.00,1.40,,Business/Productivity Software
231880-15,Tazi AI,16-Nov-2017,18-Aug-2022,13.58,4.68,1.64,,Business/Productivity Software
185815-63,Tegus,01-Sep-2017,27-Sep-2022,"3,201.21",4.50,1.50,,Financial Software
187698-07,Templum,26-Oct-2017,11-Oct-2022,173.50,5.70,2.70,,Financial Software
164234-62,Tempus Labs,21-Sep-2015,20-Oct-2022,"10,250.00",75.50,7.50,AI-powered Drug Discovery,Decision/Risk Analysis
60599-35,Territory Foods,01-Jul-2015,24-Mar-2023,92.00,12.25,4.90,,Food Products
185621-50,TestCard,15-May-2017,01-Jul-2022,54.15,0.75,0.17,,Diagnostic Equipment
103273-48,Textio,02-Feb-2015,04-Jan-2022,128.00,8.00,1.50,Generative AI,Business/Productivity Software
435563-47,Thaiwala,05-Jan-2018,24-Apr-2023,5.00,1.10,0.17,,Beverages
54642-97,thatgamecompany,14-Jun-2012,03-Mar-2022,"1,500.00",20.00,5.50,,Entertainment Software
162689-86,The Bee Corp,08-Jul-2016,27-Dec-2022,8.27,0.50,0.10,Pollination Tech,Business/Productivity Software
266062-87,Theator,19-Apr-2018,22-Jul-2022,134.00,7.00,3.00,,Decision/Risk Analysis
104103-82,Therma (Electronic Equipment and Instruments),12-Jan-2017,07-Feb-2023,59.00,5.80,2.30,,Electronic Equipment and Instruments
124585-39,ThinkIQ,10-Nov-2015,14-Sep-2022,15.44,4.30,0.84,,Business/Productivity Software
65300-23,Thinknum,27-Jul-2014,22-Sep-2022,58.26,2.75,1.00,,Financial Software
108720-82,ThinOptics,01-Sep-2014,12-Apr-2022,29.52,21.00,2.20,,Accessories
230740-75,Third Wave Automation,01-Jun-2018,17-Feb-2023,145.00,16.00,4.00,,Machinery (B2B)
343649-26,ThorDrive,18-May-2018,01-Feb-2022,132.70,12.50,2.50,,Road
229214-17,ThreatLocker,28-Sep-2017,19-Apr-2022,580.00,0.63,0.05,,Network Management Software
155031-76,Thunkable,22-Mar-2016,05-Apr-2022,130.00,1.79,0.13,,Software Development Applications
167147-38,TiBit Communications,14-Oct-2016,22-Nov-2022,250.00,28.48,13.84,,Connectivity Products
183301-75,Tidelift,22-May-2018,13-Sep-2022,238.00,40.00,15.00,,Software Development Applications
43054-21,Tigo Energy,01-Jun-2008,27-May-2022,275.00,14.75,7.66,,Alternative Energy Equipment
114396-22,TILT Biotherapeutics,01-Aug-2013,07-Feb-2023,50.14,2.64,1.83,,Drug Discovery
115367-41,Timescale,01-Jan-2015,22-Feb-2022,"1,000.00",11.70,3.70,,Database Software
232137-28,Titan,22-Feb-2018,11-Mar-2022,"1,080.00",1.71,0.12,,Asset Management
168420-25,Tive,06-Feb-2017,28-Mar-2022,310.00,0.43,0.12,,Logistics
160264-81,TOCA Football,20-May-2016,13-Jan-2023,453.61,10.21,2.21,,Leisure Facilities
224532-19,TomBot,26-Jan-2018,07-Apr-2023,23.33,2.95,0.25,,Electronic Equipment and Instruments
125615-62,Tonal,16-May-2016,10-Apr-2023,575.00,7.90,1.40,Connected Fitness Equipment,Other Consumer Durables
159201-01,TraceAir,16-May-2016,27-Jul-2022,55.00,2.50,0.13,,Business/Productivity Software
160350-67,Trackd,27-Oct-2015,31-May-2022,7.76,1.97,0.18,,Multimedia and Design Software
62620-57,Tradier,23-Apr-2014,03-Apr-2023,135.00,9.00,3.12,,Brokerage
267451-21,Transect,01-Nov-2016,24-Mar-2022,29.43,2.80,0.75,,Business/Productivity Software
222724-45,TravelNest,08-Jun-2015,31-Mar-2022,52.71,0.52,0.15,,Business/Productivity Software
113643-01,TravelPerk,07-Jun-2016,12-Jan-2022,"1,300.00",23.77,8.37,,Business/Productivity Software
57702-79,Tray.io,29-Dec-2014,19-Jul-2022,620.00,8.70,2.20,,Business/Productivity Software
226921-96,Treasury Prime,04-Jan-2018,01-Feb-2023,340.00,15.40,2.40,,Financial Software
224328-16,Trebel,15-Jun-2014,30-Mar-2022,275.00,4.50,1.00,,Entertainment Software
222485-14,TriFlo Cardiovascular,22-Nov-2017,16-Jun-2022,37.76,10.00,1.00,,Biotechnology
187441-66,Tripp,28-Sep-2017,27-May-2022,60.00,15.00,4.00,VR Health,Other Consumer Durables
236946-16,TripScout,01-Jan-2018,02-Jun-2022,40.25,2.14,0.15,,Information Services (B2C)
187860-16,Tropos Motors (Automotive),22-Nov-2017,23-Aug-2022,265.00,5.20,1.20,,Automotive
148862-80,Troubadour Goods,21-Sep-2013,28-Jul-2022,11.16,2.10,1.04,,Accessories
484556-77,Truein,29-Mar-2016,30-Jun-2022,4.44,0.04,0.01,,Business/Productivity Software
227537-20,Truework,11-Apr-2018,01-May-2022,460.00,9.90,2.90,,Business/Productivity Software
169670-35,Turntide,10-Mar-2014,15-Jun-2022,"1,805.00",0.65,0.15,,Electrical Equipment
181752-58,uLab Systems,07-Oct-2015,13-Sep-2022,230.00,6.10,1.60,,Other Healthcare Technology Systems
510538-60,uLouder,20-Jul-2017,01-Aug-2022,1.30,0.50,0.06,,Social/Platform Software
118093-51,Ultraleap,13-Nov-2014,20-Jul-2022,313.69,1.95,0.96,,Other Hardware
467708-50,UMI,03-Feb-2017,07-Oct-2022,31.61,2.75,0.76,,Business/Productivity Software
183087-46,Upshift (Human Capital Services),14-Jun-2016,30-Sep-2022,40.03,0.42,0.05,,Human Capital Services
150350-77,Upside,27-Nov-2015,16-Mar-2022,"1,500.00",16.00,6.00,,Information Services (B2C)
364499-56,URB-E,01-Jan-2014,01-Apr-2022,89.60,44.28,9.28,,Automotive
149887-18,UrbanFootprint,01-Jan-2016,01-Apr-2022,106.57,5.80,1.20,Urban Planning Tech,Business/Productivity Software
222501-70,Ursa Major Technologies,23-Jun-2017,14-Oct-2022,545.00,6.30,2.80,,Aerospace and Defense
187928-29,Valence,14-May-2018,03-May-2022,98.00,18.00,5.40,,Business/Productivity Software
152524-90,Valera Health,01-Sep-2014,07-Oct-2022,168.54,4.70,0.70,,Other Healthcare Technology Systems
231357-97,Vanta,01-Jan-2018,12-Oct-2022,"1,600.00",2.14,0.15,,Network Management Software
158232-16,Varo,02-May-2016,01-Mar-2023,"1,850.00",70.00,28.00,,Other Commercial Banks
58391-11,Vascular Dynamics,01-Jan-2008,02-May-2022,55.00,8.00,3.00,,Therapeutic Devices
52772-50,Vaxxas,01-Aug-2011,05-Dec-2022,71.63,24.36,16.22,,Drug Delivery
107767-45,Vectary,21-Sep-2016,25-Jan-2023,49.10,9.00,2.50,,Multimedia and Design Software
162690-85,VELDT,29-Mar-2016,31-Jan-2022,3.49,5.66,0.35,,Accessories
86194-99,Verana Health,16-Jan-2015,14-Jan-2022,550.00,15.80,7.80,,Media and Information Services (B2B)
120195-73,Veritonic,24-Apr-2015,10-Jun-2022,43.14,1.60,0.10,,Business/Productivity Software
167981-95,Verkada,21-Sep-2017,07-Sep-2022,"3,200.00",13.90,3.90,,Electronic Equipment and Instruments
233427-79,Vermeer,01-Aug-2016,10-Jun-2022,15.00,7.90,1.90,,Multimedia and Design Software
55680-76,Versa Networks,26-Nov-2012,27-Oct-2022,875.00,34.35,14.35,,Systems and Information Management
225799-84,Vertiq,02-Oct-2017,02-May-2022,17.30,1.10,0.10,,Other Hardware
52245-82,Vestaron,01-Jan-2007,15-Aug-2022,362.00,6.29,2.25,,Agricultural Chemicals
55208-17,Vestiaire Collective,02-Jan-2010,03-May-2022,"1,422.52",2.03,0.58,,Information Services (B2C)
183517-30,vFunction,20-Sep-2017,22-Feb-2022,96.00,1.45,0.45,,Business/Productivity Software
179547-13,Vic.ai,11-Nov-2017,13-Dec-2022,223.00,5.00,1.50,,Financial Software
111589-39,VidMob,15-Oct-2015,17-Aug-2022,560.00,7.00,2.00,,Multimedia and Design Software
169892-11,View Point Medical,01-Nov-2016,23-Feb-2023,56.36,13.97,3.97,,Surgical Devices
61099-21,Viken Detection,01-Jan-2013,16-Sep-2022,35.00,1.42,0.46,,Electronic Equipment and Instruments
343755-55,Viridi Parente,01-Jun-2018,05-Jan-2022,700.00,14.00,4.00,,Alternative Energy Equipment
103012-21,Virtuous,11-Jun-2015,18-Oct-2022,154.00,5.20,0.70,,Business/Productivity Software
61210-90,Visibly,21-Nov-2013,10-Apr-2023,106.10,0.71,0.05,,Therapeutic Devices
102884-50,VitalConnect,15-Nov-2011,10-Jan-2022,319.00,80.76,10.76,,Monitoring Equipment
267819-31,VivoSense,01-Sep-2011,04-Mar-2022,60.00,7.00,2.00,,Other Healthcare Technology Systems
223074-10,Voi (Clinics/Outpatient Services),13-Dec-2017,16-Mar-2023,7.10,40.00,18.00,,Decision/Risk Analysis
130383-01,Volantio,01-Nov-2008,29-Sep-2022,21.00,1.71,0.12,,Business/Productivity Software
54863-38,VoltServer,28-Jun-2013,30-Mar-2023,142.58,5.56,2.42,,Electric Utilities
117253-27,Voltus,02-Nov-2017,13-Jan-2022,"1,300.00",28.10,10.10,,Other Energy Services
51252-85,Vox Media,25-Jul-2008,06-Feb-2023,500.00,15.00,5.00,,Media and Information Services (B2B)
60553-27,VTS,27-Jun-2012,24-Aug-2022,"1,700.00",10.60,1.40,,Business/Productivity Software
159099-04,Wasabi Technologies,28-Nov-2016,09-Sep-2022,"1,100.00",12.91,1.94,,Systems and Information Management
62253-73,Wazoku,03-Oct-2011,15-Sep-2022,73.36,0.62,0.33,,Business/Productivity Software
84504-79,Wealthbox,24-Sep-2012,04-Mar-2022,120.00,8.00,1.50,,Financial Software
52816-87,Wealthfront,13-Feb-2007,03-Sep-2022,"1,400.00",2.00,0.15,,Other Financial Services
100342-72,WeAre8,01-Oct-2013,22-Jun-2022,37.74,3.90,1.40,,Media and Information Services (B2B)
158911-57,Weee!,06-Jul-2015,24-Feb-2022,"4,075.00",21.40,1.40,,Specialty Retail
229119-04,Weelo,14-May-2018,04-Jan-2022,1.45,0.28,0.03,,Business/Productivity Software
228840-49,Wescover,06-Jul-2016,22-Aug-2022,31.08,4.50,0.50,,Home Furnishings
222309-19,Wesper,01-Aug-2016,21-Nov-2022,49.60,4.00,1.38,,Therapeutic Devices
53604-64,Wevr,01-Oct-2010,01-Jan-2022,39.94,8.64,2.50,,Multimedia and Design Software
100136-53,Whip Media,30-May-2014,09-Jun-2022,229.00,4.00,1.00,,Business/Productivity Software
152942-32,WholeMeaning,01-Apr-2013,01-Apr-2022,17.02,3.00,0.30,,Business/Productivity Software
279899-65,Willow,06-Mar-2015,24-May-2022,282.17,32.41,17.41,,Other Consumer Durables
235241-74,Woflow,01-Feb-2018,25-Jan-2022,27.30,0.63,0.13,,Business/Productivity Software
100100-26,Wonder (Dallas),02-Jul-2013,25-May-2022,52.00,9.00,2.00,,Business/Productivity Software
180910-54,Wonderschool,19-Jun-2017,07-Jan-2022,165.00,10.03,2.00,,Educational and Training Services (B2C)
163412-11,Wooptix,30-Jun-2016,01-Nov-2022,8.85,7.33,3.56,,Multimedia and Design Software
465243-13,WorkBuzz,19-Mar-2018,28-Jun-2022,14.68,1.74,0.47,,Business/Productivity Software
164355-31,WorkRamp,23-Aug-2016,23-Mar-2022,210.00,1.71,0.12,,Educational Software
179110-72,WorkStep,27-Mar-2017,06-Jan-2022,138.31,7.50,2.50,,Human Capital Services
53792-92,Wrightspeed,04-Nov-2010,13-Dec-2022,64.95,14.92,5.00,Electric Vehicle Platforms,Machinery (B2B)
58854-52,WSC Sports,01-Jan-2013,15-Feb-2022,695.05,1.96,0.48,,Business/Productivity Software
56857-06,Wunderkind,25-Jun-2013,02-Mar-2023,576.00,8.50,1.50,,Business/Productivity Software
54027-01,Wyng,04-Nov-2010,23-Nov-2022,11.42,3.50,1.15,,Business/Productivity Software
166357-27,Xage Security,14-Jul-2016,14-Jul-2022,116.00,1.10,0.35,IoT Security,Network Management Software
175800-34,XCath,08-Mar-2017,20-Jan-2022,62.00,12.00,5.33,,Surgical Devices
468994-51,Xtremity,26-Mar-2018,10-Oct-2022,42.60,29.16,6.16,,Therapeutic Devices
66420-73,Ybrain,01-Feb-2013,23-Feb-2022,80.00,0.01,0.01,,Therapeutic Devices
316917-73,Zeehaus,01-Feb-2018,19-Apr-2023,11.18,1.20,0.30,,Real Estate Services (B2C)
110585-80,Zeitview,24-Mar-2015,07-Feb-2023,185.00,1.71,0.12,,Electronic Equipment and Instruments
184584-61,Zendar,21-Aug-2017,27-Jan-2022,59.00,1.71,0.12,,Automotive
224214-49,Zenith Aerospace,08-Jun-2017,21-Dec-2022,36.00,0.60,0.06,,Aerospace and Defense
61925-68,Zepz,11-Mar-2014,13-Jul-2022,"6,000.00",131.92,41.72,,Financial Software
112472-56,ZERO,05-Nov-2014,22-Mar-2023,50.00,1.01,0.11,,Business/Productivity Software
181582-57,ZERO.health,22-May-2017,28-Apr-2023,12.78,2.64,0.64,,Clinics/Outpatient Services
,,,,,,,,
,"© PitchBook Data, Inc. 2023",,,,,,,